Protein,ORF,Mutation,Isolate,Author,GISAID
P0DTD1,ORF1a,D2579A,Wuhan/WIV07/2019,Zhou et al,EPI_ISL_402130
P0DTD1,ORF1a,L2235I,Wuhan/WH01/2019,Chen et al,EPI_ISL_406798
P0DTD1,ORF1a,N2708S,Wuhan/IPBCAMS-WH-01/2019,Ren et al,EPI_ISL_402123
P0DTD1,ORF1a,I2244T,Wuhan/IPBCAMS-WH-03/2019,Ren et al,EPI_ISL_403930
P0DTC2,S,F32I,Wuhan/HBCDC-HB-01/2019,Fang et al,EPI_ISL_402132
P0DTC9,N,T205I,Shanghai/SH0036/2020,Wang et al,EPI_ISL_416345
P0DTD3,ORF14,L52F,Shanghai/SH0036/2020,Wang et al,EPI_ISL_416345
P0DTD1,ORF1a,P2144L,Shanghai/SH0036/2020,Wang et al,EPI_ISL_416345
P0DTC7,ORF7a,I100F,Shanghai/SH0036/2020,Wang et al,EPI_ISL_416345
P0DTD1,ORF1b,K6561E,Hangzhou/ZJU-07/2020,Yao et al,EPI_ISL_416425
P0DTD1,ORF1a,G2251S,Wuhan/WIV05/2019,Zhou et al,EPI_ISL_402128
P0DTD1,ORF1b,K6958R,Wuhan/WIV05/2019,Zhou et al,EPI_ISL_402128
P0DTC7,ORF7a,P34S,Wuhan/IVDC-HB-04/2020,Tan et al,EPI_ISL_402120
P0DTD1,ORF1b,D7018N,Wuhan/WIV02/2019,Zhou et al,EPI_ISL_402127
P0DTD1,ORF1b,N6481D,Guangdong/2020XN4448-P0002/2020,Lu et al,EPI_ISL_413857
P0DTC2,S,E868K,Shanghai/SH0039/2020,Wang et al,EPI_ISL_416348
P0DTD1,ORF1a,V1798I,Wuhan/HBCDC-HB-06/2020,Fang et al,EPI_ISL_412982
P0DTC2,S,D614G,Wuhan/HBCDC-HB-06/2020,Fang et al,EPI_ISL_412982
P0DTD1,ORF1a,R2887G,Nanchang/JX14/2020,Li et al,EPI_ISL_421243
P0DTD1,ORF1a,E972K,Tianmen/HBCDC-HB-07/2020,Fang et al,EPI_ISL_412983
P0DTD1,ORF1b,P4720S,Tianmen/HBCDC-HB-07/2020,Fang et al,EPI_ISL_412983
P0DTD2,ORF9b,A11V,Tianmen/HBCDC-HB-07/2020,Fang et al,EPI_ISL_412983
P0DTC2,S,V615L,Tianmen/HBCDC-HB-07/2020,Fang et al,EPI_ISL_412983
P0DTC9,N,H145Y,Shanghai/SH0075/2020,Wang et al,EPI_ISL_416378
P0DTD1,ORF1a,P971S,Shanghai/SH0010/2020,Wang et al,EPI_ISL_416323
P0DTC2,S,S98F,Shanghai/SH0010/2020,Wang et al,EPI_ISL_416323
P0DTC3,ORF3a,M125I,Shanghai/SH0021/2020,Wang et al,EPI_ISL_416330
P0DTD1,ORF1a,R1464W,Shanghai/SH0030/2020,Wang et al,EPI_ISL_416339
P0DTD1,ORF1b,V6755F,Shanghai/SH0030/2020,Wang et al,EPI_ISL_416339
P0DTD1,ORF1a,T3959N,Wuhan/HBCDC-HB-02/2020,Fang et al,EPI_ISL_412978
P0DTC2,S,L752F,Wuhan/HBCDC-HB-02/2020,Fang et al,EPI_ISL_412978
P0DTD1,ORF1b,F5549I,Nanchang/JX90/2020,Li et al,EPI_ISL_421245
P0DTC3,ORF3a,L111S,Nanchang/JX90/2020,Li et al,EPI_ISL_421245
P0DTC2,S,Y145*,Nanchang/JX90/2020,Li et al,EPI_ISL_421245
P0DTD1,ORF1a,G334S,Shangrao/JX105/2020,Li et al,EPI_ISL_421239
P0DTD1,ORF1a,D2980G,Spain/Madrid_R2_15/2020,Dahdouh et al,EPI_ISL_417979
P0DTD1,ORF1b,R7030G,Spain/Madrid_R2_15/2020,Dahdouh et al,EPI_ISL_417979
P0DTC2,S,L1265P,Spain/Madrid_R2_15/2020,Dahdouh et al,EPI_ISL_417979
P0DTD1,ORF1a,G1152C,Shanghai/SH0034/2020,Wang et al,EPI_ISL_416343
P0DTC3,ORF3a,S171L,Shanghai/SH0034/2020,Wang et al,EPI_ISL_416343
P0DTD1,ORF1a,I476V,India/1-31/2020,Potdar et al,EPI_ISL_413523
P0DTD1,ORF1b,T5538I,India/1-31/2020,Potdar et al,EPI_ISL_413523
P0DTC2,S,A930V,India/1-31/2020,Potdar et al,EPI_ISL_413523
P0DTD1,ORF1a,V886A,Nanchang/JX39/2020,Li et al,EPI_ISL_421248
A0A663DJA2,ORF10,I13M,England/02/2020,Galiano et al,EPI_ISL_407073
P0DTD1,ORF1a,T1168I,Nanchang/JX177/2020,Li et al,EPI_ISL_421241
P0DTD1,ORF1a,K492T,SouthKorea/KCDC05/2020,Kim et al,EPI_ISL_412869
P0DTD1,ORF1b,H5614Y,SouthKorea/KCDC05/2020,Kim et al,EPI_ISL_412869
P0DTC3,ORF3a,V259L,SouthKorea/KCDC05/2020,Kim et al,EPI_ISL_412869
P0DTC9,N,L121H,Shandong/LY003/2020,Jiang et al,EPI_ISL_414936
P0DTD1,ORF1a,A2080T,Shanghai/SH0100/2020,Wang et al,EPI_ISL_416392
P0DTC7,ORF7a,V93D,Shanghai/SH0100/2020,Wang et al,EPI_ISL_416392
P0DTC2,S,V952F,Shanghai/SH0100/2020,Wang et al,EPI_ISL_416392
P0DTD1,ORF1a,A1997V,SouthKorea/KCDC24/2020,Kim et al,EPI_ISL_412873
P0DTD1,ORF1a,L642F,Anhui/SZ005/2020,Li et al,EPI_ISL_413485
P0DTD1,ORF1b,T5262I,Anhui/SZ005/2020,Li et al,EPI_ISL_413485
P0DTD1,ORF1a,S505F,SouthKorea/KCDC07/2020,Kim et al,EPI_ISL_412871
P0DTD1,ORF1b,A4918V,SouthKorea/KCDC07/2020,Kim et al,EPI_ISL_412871
P0DTC9,N,D343V,Beijing/233/2020,Li et al,EPI_ISL_413520
P0DTD1,ORF1b,D6304A,USA/TX1/2020,Queen et al,EPI_ISL_411956
P0DTC8,ORF8,T11I,USA/TX1/2020,Queen et al,EPI_ISL_411956
P0DTD1,ORF1a,T727I,Australia/NSW04/2020,Eden et al,EPI_ISL_417030
P0DTD1,ORF1a,S3099L,Shenzhen/HKU-SZ-005/2020,Chan et al,EPI_ISL_405839
P0DTD1,ORF1b,P4561S,Guangdong/SZ-N128-P0057/2020,Lu et al,EPI_ISL_413897
P0DTD1,ORF1a,G7V,Shanghai/SH0059/2020,Wang et al,EPI_ISL_416366
P0DTC3,ORF3a,Q185H,Shanghai/SH0059/2020,Wang et al,EPI_ISL_416366
P0DTC2,S,E780Q,Germany/BavPat3/2020,Walter et al,EPI_ISL_414521
P0DTD1,ORF1b,V6474L,NewZealand/20VR0276/2020,Storey et al,EPI_ISL_416539
P0DTC7,ORF7a,S81L,NewZealand/20VR0276/2020,Storey et al,EPI_ISL_416539
P0DTD3,ORF14,Q20L,USA/CA1/2020,Uehara et al,EPI_ISL_406034
P0DTD1,ORF1a,S428N,USA/CA1/2020,Uehara et al,EPI_ISL_406034
P0DTD3,ORF14,T39I,Shanghai/SH0017/2020,Wang et al,EPI_ISL_416328
P0DTC2,S,S359N,Shanghai/SH0017/2020,Wang et al,EPI_ISL_416328
P0DTD1,ORF1b,F6309Y,Sichuan/IVDC-SC-001/2020,Tan et al,EPI_ISL_408484
P0DTD1,ORF1b,A6960S,Vietnam/CM99/2020,Le Quynh Mai et al,EPI_ISL_416429
P0DTD1,ORF1a,L149P,Guangdong/GZ-S6-P0050/2020,Lu et al,EPI_ISL_413873
P0DTC2,S,S50L,Guangdong/GZ-S6-P0050/2020,Lu et al,EPI_ISL_413873
P0DTD1,ORF1a,N434T,Shanghai/SH0128/2020,Wang et al,EPI_ISL_416409
P0DTD1,ORF1a,H2125Y,USA/WI-GMF-00049/2020,Craig Richmond & Paraic Kenny et al,EPI_ISL_418185
P0DTD1,ORF1b,D4873G,USA/WI-GMF-00049/2020,Craig Richmond & Paraic Kenny et al,EPI_ISL_418185
P0DTD1,ORF1a,P2950S,USA/WI-28/2020,Moreno et al,EPI_ISL_421286
P0DTC2,S,T29I,USA/WI-28/2020,Moreno et al,EPI_ISL_421286
P0DTC2,S,D1163G,Australia/VIC103/2020,Caly et al,EPI_ISL_419814
P0DTD1,ORF1a,S245A,Australia/VIC27/2020,Caly et al,EPI_ISL_419746
P0DTC8,ORF8,P36S,USA/ID-UW260/2020,Roychoudhury et al,EPI_ISL_418045
P0DTD1,ORF1b,I4563L,Australia/VIC117/2020,Seemann et al,EPI_ISL_419727
P0DTC9,N,T271I,Australia/VIC51/2020,Caly et al,EPI_ISL_419826
P0DTD1,ORF1a,I3035M,Shanghai/SH0117/2020,Wang et al,EPI_ISL_416403
P0DTC2,S,S151T,Shanghai/SH0035/2020,Wang et al,EPI_ISL_416344
P0DTC2,S,P1143L,Australia/QLD02/2020,Huang et al,EPI_ISL_407896
P0DTD1,ORF1a,T3258I,Australia/VIC07/2020,Caly et al,EPI_ISL_416415
P0DTC3,ORF3a,F56C,USA/VA-DCLS-0021/2020,Division of Consolidated Laboratory Services et al,EPI_ISL_419713
P0DTD1,ORF1b,G5530V,Senegal/620/2020,Dia et al,EPI_ISL_420078
P0DTD1,ORF1a,R1467K,Congo/300/2020,Placide Mbala-Kingebeni et al,EPI_ISL_420841
P0DTD1,ORF1b,N7083S,Congo/300/2020,Placide Mbala-Kingebeni et al,EPI_ISL_420841
P0DTC2,S,H655Y,USA/NY-PV08148/2020,Ana Gonzalez-Reiche et al,EPI_ISL_421365
P0DTD1,ORF1a,A1997V,Netherlands/Utrecht_16/2020,Nieuwenhuijse et al,EPI_ISL_414555
P0DTD1,ORF1a,A555V,USA/WI-06/2020,Katarina Braun and Gage Moreno et al,EPI_ISL_417200
P0DTD1,ORF1a,G98V,USA/WI-77/2020,Moreno et al,EPI_ISL_421335
P0DTD1,ORF1b,A5703V,Shanghai/SH0009/2020,Wang et al,EPI_ISL_416322
P0DTC2,S,F817L,Singapore/12/2020,Anderson et al,EPI_ISL_414378
P0DTD1,ORF1b,M5298V,Guangdong/GD2020233-P0027/2020,Lu et al,EPI_ISL_413856
P0DTC9,N,P199S,Singapore/13/2020,Anderson et al,EPI_ISL_414379
P0DTD1,ORF1b,V5820A,Singapore/13/2020,Anderson et al,EPI_ISL_414379
P0DTC3,ORF3a,V50A,USA/NY-PV08441/2020,Ana Gonzalez-Reiche et al,EPI_ISL_421393
P0DTD1,ORF1b,K4451N,Spain/CastillaLaMancha201329/2020,Iglesias-Caballero et al,EPI_ISL_418246
P0DTC9,N,G238C,Colombia/79256/2020,Marcela Mercado-Reyes et al,EPI_ISL_417924
P0DTD1,ORF1a,L1375F,Malaysia/MKAK-CL-2020-5096/2020,Mohd Noor Mat Isa et al,EPI_ISL_416885
P0DTC2,S,S50L,Guangdong/ZS-S6-P0060/2020,Lu et al,EPI_ISL_413900
P0DTD1,ORF1a,P1054L,Singapore/18/2020,Mak et al,EPI_ISL_418999
P0DTD1,ORF1b,A5926S,Singapore/30/2020,Anderson et al,EPI_ISL_420107
P0DTD1,ORF1a,T1429A,Shanghai/SH0069/2020,Wang et al,EPI_ISL_416372
P0DTC3,ORF3a,A54V,France/GE1583/2020,Albert et al,EPI_ISL_414623
P0DTD1,ORF1a,S481F,Spain/Valencia30/2020,Marta Pla Diaz et al,EPI_ISL_420115
P0DTD1,ORF1b,T6846I,Spain/Valencia30/2020,Marta Pla Diaz et al,EPI_ISL_420115
P0DTD1,ORF1a,V3420I,Netherlands/NoordBrabant_46/2020,Nieuwenhuijse et al,EPI_ISL_415503
P0DTD1,ORF1b,C6133F,Netherlands/NoordBrabant_46/2020,Nieuwenhuijse et al,EPI_ISL_415503
P0DTC2,S,M1237I,Netherlands/NoordBrabant_46/2020,Nieuwenhuijse et al,EPI_ISL_415503
P0DTD1,ORF1b,R5032H,Georgia/Tb-390/2020,Murtskhvaladze et al,EPI_ISL_416477
P0DTC2,S,S940F,Spain/Valencia2/2020,Navarro et al,EPI_ISL_414496
P0DTD1,ORF1b,T6773I,Spain/Valencia28/2020,Beamud et al,EPI_ISL_420113
P0DTD1,ORF1a,E2268A,Spain/Valencia9/2020,Maria Alma Bracho et al,EPI_ISL_417205
P0DTD1,ORF1a,T3699I,Spain/Valencia24/2020,Griselda De Marco et al,EPI_ISL_419688
P0DTD1,ORF1a,P1786S,Spain/Valencia10/2020,Maria Alma Bracho et al,EPI_ISL_417206
P0DTD1,ORF1a,P2870L,Spain/PaisVasco201602/2020,Iglesias-Caballero et al,EPI_ISL_419709
P0DTC2,S,Q675R,Spain/PaisVasco201602/2020,Iglesias-Caballero et al,EPI_ISL_419709
P0DTD1,ORF1a,K4003N,Australia/VIC295/2020,Caly et al,EPI_ISL_419986
P0DTD1,ORF1a,R579K,Spain/Valencia21/2020,Maria Alma Bracho et al,EPI_ISL_419685
P0DTD1,ORF1b,V4746L,Portugal/PT0042/2020,Guiomar et al et al,EPI_ISL_418027
P0DTC2,S,S50L,Guangdong/FS-S30-P0052/2020,Lu et al,EPI_ISL_413892
P0DTD1,ORF1a,G179R,USA/WA-S14/2020,Chu etl al et al,EPI_ISL_417067
P0DTD1,ORF1b,E7082K,USA/WA-S14/2020,Chu etl al et al,EPI_ISL_417067
P0DTD1,ORF1a,C873Y,Canada/BC_8606204/2020,Harrigan et al,EPI_ISL_418850
P0DTD1,ORF1b,S6282I,Canada/BC_8606204/2020,Harrigan et al,EPI_ISL_418850
P0DTD1,ORF1b,P5402S,Canada/BC_4799711/2020,Harrigan et al,EPI_ISL_418830
P0DTD1,ORF1b,P5828L,USA/CT-Yale-008/2020,Fauver et al,EPI_ISL_416422
P0DTC9,N,D402Y,Canada/BC_6502001/2020,Harrigan et al,EPI_ISL_418840
P0DTD1,ORF1b,P5828L,Canada/BC_3842755/2020,Harrigan et al,EPI_ISL_418820
P0DTC3,ORF3a,S26P,Canada/BC_8896915/2020,Harrigan et al,EPI_ISL_418854
P0DTC5,M,G25V,USA/WA-S35/2020,Chu etl al et al,EPI_ISL_417088
P0DTD1,ORF1a,I1892M,USA/WA-S35/2020,Chu etl al et al,EPI_ISL_417088
P0DTD1,ORF1a,T1504I,USA/CA-CDPH-UC23/2020,Deng et al,EPI_ISL_417327
P0DTC8,ORF8,A65S,USA/CA-CDPH-UC23/2020,Deng et al,EPI_ISL_417327
P0DTC2,S,N99S,USA/CA-CDPH-UC23/2020,Deng et al,EPI_ISL_417327
P0DTD1,ORF1a,G168V,USA/WA-S41/2020,Chu etl al et al,EPI_ISL_417094
P0DTC2,S,V367F,USA/WA-S41/2020,Chu etl al et al,EPI_ISL_417094
P0DTD1,ORF1a,K1410R,USA/WA-S81/2020,Chu etl al et al,EPI_ISL_417134
P0DTC2,S,T547I,USA/WA-S17/2020,Chu etl al et al,EPI_ISL_417070
P0DTC9,N,S327L,USA/CA-CDPH-UC1/2020,Deng et al,EPI_ISL_413557
P0DTD1,ORF1a,P1640L,USA/CA-CDPH-UC1/2020,Deng et al,EPI_ISL_413557
P0DTD1,ORF1b,F6673L,USA/WA-S87/2020,Chu etl al et al,EPI_ISL_417140
P0DTD1,ORF1a,T2007I,USA/WA-UW148/2020,Roychoudhury et al,EPI_ISL_416686
P0DTD1,ORF1b,S6764F,USA/WA-UW148/2020,Roychoudhury et al,EPI_ISL_416686
P0DTC6,ORF6,E55*,USA/WA-UW148/2020,Roychoudhury et al,EPI_ISL_416686
P0DTD1,ORF1a,A735V,USA/WA-UW162/2020,Roychoudhury et al,EPI_ISL_416700
P0DTD1,ORF1b,A6623V,Canada/BC_8150537/2020,Harrigan et al,EPI_ISL_418847
A0A663DJA2,ORF10,R24L,USA/WA-UW64/2020,Roychoudhury et al,EPI_ISL_415592
P0DTD1,ORF1a,A3436V,USA/ID-UW297/2020,Roychoudhury et al,EPI_ISL_418082
P0DTD1,ORF1b,P5688S,USA/ID-UW297/2020,Roychoudhury et al,EPI_ISL_418082
P0DTC9,N,R185C,USA/ID-UW228/2020,Roychoudhury et al,EPI_ISL_417377
P0DTD1,ORF1a,A3518V,USA/ID-UW290/2020,Roychoudhury et al,EPI_ISL_418075
P0DTD1,ORF1a,S538L,USA/WA-S8/2020,Chu et al et al,EPI_ISL_416463
P0DTD1,ORF1b,S5953G,USA/WA-UW85/2020,Roychoudhury et al,EPI_ISL_416441
P0DTD1,ORF1b,C5865Y,USA/NY-NYUMC40/2020,Maria Aguero-Rosenfeld et al,EPI_ISL_419701
P0DTC8,ORF8,S84L,USA/NY-NYUMC40/2020,Maria Aguero-Rosenfeld et al,EPI_ISL_419701
P0DTD1,ORF1b,T6566M,USA/WA-UW126/2020,Roychoudhury et al,EPI_ISL_416664
P0DTD1,ORF1a,W630R,USA/WA-UW50/2020,Roychoudhury et al,EPI_ISL_415615
P0DTD1,ORF1a,L1110F,USA/WA-UW172/2020,Roychoudhury et al,EPI_ISL_416710
P0DTD1,ORF1b,S7041F,USA/MN3-MDH3/2020,Plumb et al,EPI_ISL_414590
P0DTD1,ORF1a,K1936E,USA/WA-UW132/2020,Roychoudhury et al,EPI_ISL_416670
P0DTD1,ORF1b,T5740P,USA/WA-UW132/2020,Roychoudhury et al,EPI_ISL_416670
P0DTC2,S,K1205N,USA/WA-UW132/2020,Roychoudhury et al,EPI_ISL_416670
P0DTD1,ORF1b,Q5599K,USA/WA-UW141/2020,Roychoudhury et al,EPI_ISL_416679
P0DTC9,N,T391I,USA/WA-UW146/2020,Roychoudhury et al,EPI_ISL_416684
P0DTD2,ORF9b,R32L,USA/WA-UW113/2020,Roychoudhury et al,EPI_ISL_416651
P0DTD1,ORF1b,V4979I,USA/WY-WYPHL001/2020,Domman et al,EPI_ISL_421272
P0DTC9,N,T271I,USA/WA-UW342/2020,Roychoudhury et al,EPI_ISL_418909
P0DTD1,ORF1a,L1579F,USA/WA-UW342/2020,Roychoudhury et al,EPI_ISL_418909
P0DTD1,ORF1b,P6046L,USA/WA-S110/2020,Chu etl al et al,EPI_ISL_417163
P0DTD1,ORF1b,D4546G,USA/WA-UW83/2020,Roychoudhury et al,EPI_ISL_416439
P0DTC8,ORF8,Q18*,USA/WA-UW83/2020,Roychoudhury et al,EPI_ISL_416439
P0DTD1,ORF1a,A427V,USA/WA-UW234/2020,Roychoudhury et al,EPI_ISL_417448
P0DTC5,M,V70I,USA/WA9-UW6/2020,Roychoudhury et al,EPI_ISL_413487
P0DTC2,S,L5F,USA/WA-UW204/2020,Roychoudhury et al,EPI_ISL_417353
P0DTD1,ORF1b,G4417Y,USA/WA-UW156/2020,Roychoudhury et al,EPI_ISL_416694
P0DTD1,ORF1a,P1786L,USA/WA-S106/2020,Chu etl al et al,EPI_ISL_417159
P0DTD1,ORF1a,A599V,USA/WA-UW286/2020,Roychoudhury et al,EPI_ISL_418071
P0DTD1,ORF1a,A656V,USA/WA-UW332/2020,Roychoudhury et al,EPI_ISL_418899
P0DTD1,ORF1a,S2242F,Canada/ON_PHL1083/2020,Eshaghi et al,EPI_ISL_418340
P0DTD1,ORF1b,H5357Q,Canada/ON_PHL0178/2020,Eshaghi et al,EPI_ISL_418342
P0DTD1,ORF1b,I6200T,Canada/ON_PHL8580/2020,Eshaghi et al,EPI_ISL_418330
P0DTC7,ORF7a,V29L,Canada/ON_PHL0052/2020,Eshaghi et al,EPI_ISL_418332
P0DTC2,S,L18F,Canada/ON_PHL0052/2020,Eshaghi et al,EPI_ISL_418332
P0DTD1,ORF1a,A4285S,Australia/VIC222/2020,Caly et al,EPI_ISL_419917
P0DTD1,ORF1a,V1391I,Australia/WA09/2020,Sikazwe et al,EPI_ISL_420538
P0DTD1,ORF1b,G6837S,Australia/VIC241/2020,Caly et al,EPI_ISL_419936
P0DTD1,ORF1a,K2589R,USA/CT-Yale-023/2020,Fauver et al,EPI_ISL_420091
P0DTC9,N,I146F,USA/WA-S68/2020,Chu etl al et al,EPI_ISL_417121
P0DTD1,ORF1b,S5472F,USA/CA-CDPH-UC20/2020,Deng et al,EPI_ISL_417324
P0DTD1,ORF1a,C231Y,Australia/VIC225/2020,Caly et al,EPI_ISL_419920
P0DTD1,ORF1a,V1295F,USA/WA-UW145/2020,Roychoudhury et al,EPI_ISL_416683
P0DTD1,ORF1b,S5398L,USA/WI-59/2020,Moreno et al,EPI_ISL_421317
P0DTD1,ORF1a,E37K,Australia/VIC316/2020,Seemann et al,EPI_ISL_420007
P0DTD1,ORF1b,A4645T,Canada/BC_6981299/2020,Harrigan et al,EPI_ISL_418841
P0DTC9,N,A35T,USA/ID-UW284/2020,Roychoudhury et al,EPI_ISL_418069
P0DTD1,ORF1a,I461V,Australia/VIC46/2020,Caly et al,EPI_ISL_419816
P0DTD1,ORF1a,K1124E,USA/WA-UW131/2020,Roychoudhury et al,EPI_ISL_416669
P0DTD1,ORF1b,V6688I,USA/WI-39/2020,Moreno et al,EPI_ISL_421297
P0DTD1,ORF1b,K4655N,USA/ID-UW235/2020,Roychoudhury et al,EPI_ISL_417449
P0DTC2,S,A344S,USA/ID-UW226/2020,Roychoudhury et al,EPI_ISL_417375
P0DTD1,ORF1a,S2312L,Canada/BC_0554880/2020,Harrigan et al,EPI_ISL_418817
P0DTC9,N,A152S,USA/UT-00014/2020,Young et al,EPI_ISL_417964
P0DTC2,S,A520S,USA/WA-NH13/2020,Tao et al,EPI_ISL_418782
P0DTC3,ORF3a,Y184H,USA/CT-Yale-009/2020,Fauver et al,EPI_ISL_416423
P0DTD1,ORF1b,L6102F,Canada/ON_PHL0142/2020,Eshaghi et al,EPI_ISL_418341
P0DTC3,ORF3a,V225F,USA/WA-UW321/2020,Roychoudhury et al,EPI_ISL_418888
P0DTD1,ORF1a,L469F,Australia/QLDID931/2020,Huang et al,EPI_ISL_420879
P0DTC2,S,A623V,Australia/QLDID931/2020,Huang et al,EPI_ISL_420879
P0DTC4,E,D72Y,Guangzhou/GZMU0030/2020,Zhao et al et al,EPI_ISL_414686
P0DTD1,ORF1a,T490I,Guangzhou/GZMU0030/2020,Zhao et al et al,EPI_ISL_414686
P0DTC3,ORF3a,T176I,Jiangsu/JS01/2020,Cui et al,EPI_ISL_411950
P0DTD1,ORF1b,S5404G,Shanghai/SH0031/2020,Wang et al,EPI_ISL_416340
P0DTD1,ORF1a,I671T,India/1-27/2020,Potdar et al,EPI_ISL_413522
P0DTD1,ORF1b,A4798V,India/1-27/2020,Potdar et al,EPI_ISL_413522
P0DTC2,S,R408I,India/1-27/2020,Potdar et al,EPI_ISL_413522
P0DTC9,N,S186Y,Shanghai/SH0109/2020,Wang et al,EPI_ISL_416398
P0DTD3,ORF14,P33T,Shanghai/SH0109/2020,Wang et al,EPI_ISL_416398
P0DTD1,ORF1a,D846N,Shanghai/SH0066/2020,Wang et al,EPI_ISL_416369
P0DTD1,ORF1a,Q362*,Shanghai/SH0091/2020,Wang et al,EPI_ISL_416388
P0DTD1,ORF1b,D5904G,Shanghai/SH0091/2020,Wang et al,EPI_ISL_416388
P0DTD1,ORF1b,I4506V,Shanghai/SH0072/2020,Wang et al,EPI_ISL_416375
P0DTD1,ORF1b,T6449I,China/IQTC02/2020,Shi et al,EPI_ISL_412967
P0DTC2,S,W152G,Shanghai/SH0048/2020,Wang et al,EPI_ISL_416356
P0DTD1,ORF1a,V1056L,Guangdong/SZ-N59-P0049/2020,Lu et al,EPI_ISL_413872
P0DTD1,ORF1b,Y4472C,Singapore/11/2020,Octavia et al,EPI_ISL_410719
P0DTD1,ORF1b,Q5267H,Netherlands/NoordBrabant_47/2020,Nieuwenhuijse et al,EPI_ISL_415504
P0DTD1,ORF1a,D1939Y,England/SHEF-C07F8/2020,Thushan de Silva et al,EPI_ISL_420175
P0DTD1,ORF1a,A2325V,Shanghai/SH0110/2020,Wang et al,EPI_ISL_416399
P0DTD3,ORF14,I43T,HongKong/VB20017970/2020,Alan K.L. Tsang et al,EPI_ISL_417064
P0DTC2,S,H69D,Malaysia/MKAK-CL-2020-5049/2020,Mohd Noor Mat Isa et al,EPI_ISL_416884
P0DTD1,ORF1a,H45Y,Malaysia/MKAK-CL-2020-5045/2020,Mohd Noor Mat Isa et al,EPI_ISL_416829
P0DTD1,ORF1a,H3076Y,Taiwan/NTU02/2020,Yeh et al,EPI_ISL_410218
P0DTC9,N,S190G,Guangdong/DG-S9-P0045/2020,Lu et al,EPI_ISL_413868
P0DTD1,ORF1a,T3032I,Guangdong/DG-S9-P0045/2020,Lu et al,EPI_ISL_413868
P0DTD1,ORF1b,N4692K,Guangdong/DG-S9-P0045/2020,Lu et al,EPI_ISL_413868
P0DTC8,ORF8,L95F,Guangdong/DG-S9-P0045/2020,Lu et al,EPI_ISL_413868
P0DTD1,ORF1a,Q1813R,Guangdong/ZH-S33-P0058/2020,Lu et al,EPI_ISL_413898
P0DTD1,ORF1b,L5028F,Guangdong/ZH-S33-P0058/2020,Lu et al,EPI_ISL_413898
P0DTC9,N,T247I,Guangdong/MM-S1-P0048/2020,Lu et al,EPI_ISL_413871
P0DTD1,ORF1b,P6083L,Guangdong/MM-S1-P0048/2020,Lu et al,EPI_ISL_413871
P0DTD1,ORF1a,D3728N,Guangdong/JM-S1-P0062/2020,Lu et al,EPI_ISL_413902
P0DTC8,ORF8,G77C,Guangdong/JM-S1-P0062/2020,Lu et al,EPI_ISL_413902
P0DTD1,ORF1b,M5058I,Guangdong/FS-S50-P0053/2020,Lu et al,EPI_ISL_413893
P0DTD1,ORF1a,L204F,Wales/PHWC-2414F/2020,Moore et al,EPI_ISL_418148
P0DTD1,ORF1b,R5716C,Netherlands/NoordBrabant_35/2020,Nieuwenhuijse et al,EPI_ISL_414544
P0DTD1,ORF1a,V2133I,Netherlands/NoordBrabant_32/2020,Nieuwenhuijse et al,EPI_ISL_414541
P0DTD1,ORF1b,L5500F,Netherlands/NoordBrabant_32/2020,Nieuwenhuijse et al,EPI_ISL_414541
P0DTD1,ORF1a,V1997A,Netherlands/NoordBrabant_29/2020,Nieuwenhuijse et al,EPI_ISL_414538
P0DTD1,ORF1b,T4477I,Guangdong/DG-S2-P0054/2020,Lu et al,EPI_ISL_413894
P0DTC2,S,H655Y,Guangdong/DG-S2-P0054/2020,Lu et al,EPI_ISL_413894
P0DTC3,ORF3a,V88L,Cambodia/0012/2020,Karlsson et al,EPI_ISL_411902
P0DTC2,S,S254F,Pingxiang/JX151/2020,Li et al,EPI_ISL_421259
P0DTD1,ORF1b,V5326I,USA/CA-CDPH-UC21/2020,Deng et al,EPI_ISL_417325
P0DTD1,ORF1a,K3577R,USA/WI-55/2020,Moreno et al,EPI_ISL_421313
P0DTD1,ORF1a,S2517F,USA/CA-SCCPHD-UC16/2020,Deng et al,EPI_ISL_417320
P0DTC8,ORF8,I10S,England/20124009602/2020,Galiano et al,EPI_ISL_418696
P0DTD1,ORF1a,M3189I,England/20109093906/2020,Galiano et al,EPI_ISL_417288
P0DTD1,ORF1b,T6733I,England/20109093906/2020,Galiano et al,EPI_ISL_417288
P0DTD1,ORF1a,K1689N,Portugal/PT0015/2020,Guiomar et al et al,EPI_ISL_418000
P0DTD1,ORF1b,V5749M,Wales/PHWC-24A44/2020,Moore et al,EPI_ISL_419473
P0DTC9,N,R191L,Shanghai/SH0054/2020,Wang et al,EPI_ISL_416362
P0DTD3,ORF14,A38S,Shanghai/SH0054/2020,Wang et al,EPI_ISL_416362
P0DTC2,S,L249F,HongKong/HKPU63-1402/2020,Kenneth Siu-Sing LEUNG et al,EPI_ISL_419231
P0DTD1,ORF1a,A498V,Malaysia/MKAK-CL-2020-7554/2020,Mohd Noor Mat Isa et al,EPI_ISL_416907
P0DTC9,N,Q289H,Japan/Hu_Kng_19-437/2020,Hishiki et al,EPI_ISL_420890
P0DTD1,ORF1b,P4413S,Ireland/Cork2/2020,Dempsey et al,EPI_ISL_417432
P0DTD1,ORF1a,P197S,Canada/ON_PHL7512/2020,Eshaghi et al,EPI_ISL_418379
P0DTD1,ORF1a,L960F,Netherlands/ZuidHolland_21/2020,Nieuwenhuijse et al,EPI_ISL_414563
P0DTC9,N,D348Y,England/20108006603/2020,Galiano et al,EPI_ISL_417253
P0DTC2,S,I934M,England/SHEF-BFEBB/2020,Thushan de Silva et al,EPI_ISL_418304
P0DTD1,ORF1a,Q1403R,Singapore/33/2020,Anderson et al,EPI_ISL_420110
P0DTD1,ORF1a,N418D,Wales/PHWC-24631/2020,Moore et al,EPI_ISL_419432
P0DTD1,ORF1a,T4031I,USA/UT-00159/2020,Young et al,EPI_ISL_420805
P0DTC2,S,S98F,USA/UT-00159/2020,Young et al,EPI_ISL_420805
P0DTD1,ORF1b,T5912I,Wales/PHWC-25023/2020,Moore et al,EPI_ISL_420945
P0DTD1,ORF1a,S318L,Wales/PHWC-24EB1/2020,Moore et al,EPI_ISL_420954
P0DTC3,ORF3a,T269M,HongKong/HKPU6_2101/2020,Kenneth Siu-Sing LEUNG et al,EPI_ISL_417178
P0DTD1,ORF1b,H5284Y,Hangzhou/ZJU-010/2020,Yao et al,EPI_ISL_418990
P0DTC2,S,D215H,Hangzhou/ZJU-010/2020,Yao et al,EPI_ISL_418990
P0DTD1,ORF1b,D5528Y,Hangzhou/ZJU-03/2020,Yao et al,EPI_ISL_416044
P0DTD1,ORF1a,M3428I,Shanghai/SH0038/2020,Wang et al,EPI_ISL_416347
P0DTD1,ORF1b,A5787T,Shanghai/SH0038/2020,Wang et al,EPI_ISL_416347
P0DTC7,ORF7a,Q90P,Shanghai/SH0083/2020,Wang et al,EPI_ISL_416384
P0DTC9,N,R185C,Shanghai/SH0027/2020,Wang et al,EPI_ISL_416336
P0DTD1,ORF1b,N5126T,USA/CA-CDPH-UC2/2020,Deng et al,EPI_ISL_413558
P0DTD1,ORF1a,A3229V,USA/CA-CDPH-UC3/2020,Deng et al,EPI_ISL_413559
P0DTC2,S,D936H,Singapore/25/2020,Anderson et al,EPI_ISL_420102
P0DTC2,S,R765L,Netherlands/Limburg_6/2020,Nieuwenhuijse et al,EPI_ISL_414427
P0DTC2,S,E1207V,Ecuador/HEE-01/2020,Marquez et al,EPI_ISL_417482
P0DTC9,N,K373N,Netherlands/NoordBrabant_12/2020,Nieuwenhuijse et al,EPI_ISL_414452
P0DTD1,ORF1a,I2538S,Netherlands/Tilburg_1363354/2020,Nieuwenhuijse et al,EPI_ISL_413586
P0DTD1,ORF1b,R5716C,Netherlands/Tilburg_1363354/2020,Nieuwenhuijse et al,EPI_ISL_413586
P0DTD1,ORF1a,V3017F,Netherlands/NA_22/2020,Nieuwenhuijse et al,EPI_ISL_415479
P0DTC9,N,A217V,Portugal/PT0041/2020,Guiomar et al et al,EPI_ISL_418026
P0DTD1,ORF1b,P6128L,Finland/14M82/2020,Smura et al,EPI_ISL_418411
P0DTC3,ORF3a,K16N,Finland/14M82/2020,Smura et al,EPI_ISL_418411
P0DTC9,N,A336V,Netherlands/NA_33/2020,Nieuwenhuijse et al,EPI_ISL_415490
P0DTC2,S,T1273I,Netherlands/NA_33/2020,Nieuwenhuijse et al,EPI_ISL_415490
P0DTD1,ORF1a,A1997V,Netherlands/NoordBrabant_27/2020,Nieuwenhuijse et al,EPI_ISL_414536
P0DTC7,ORF7a,E121*,Netherlands/NoordBrabant_42/2020,Nieuwenhuijse et al,EPI_ISL_415500
P0DTD1,ORF1b,N4431Y,Shangrao/JX1178/2020,Li et al,EPI_ISL_421254
P0DTD1,ORF1a,N1262T,Belgium/MJP-0306100/2020,Joan Marti-Carreras et al,EPI_ISL_420356
P0DTD1,ORF1a,K2511N,Germany/NRW-10/2020,Adams et al,EPI_ISL_414574
P0DTC8,ORF8,Y111C,Belgium/ULG-6688/2020,Durkin et al,EPI_ISL_418625
P0DTD8,ORF7b,L32F,Germany/NRW-09/2020,Adams et al,EPI_ISL_414509
P0DTC9,N,K370N,Netherlands/NA_6/2020,Nieuwenhuijse et al,EPI_ISL_415495
P0DTD1,ORF1b,D5271Y,Netherlands/NA_6/2020,Nieuwenhuijse et al,EPI_ISL_415495
P0DTD1,ORF1a,Q3859H,Austria/CeMM0009/2020,Popa et al,EPI_ISL_419662
P0DTC2,S,S477G,Austria/CeMM0009/2020,Popa et al,EPI_ISL_419662
P0DTD1,ORF1a,K3678N,England/20139018202/2020,Galiano et al,EPI_ISL_420523
P0DTC8,ORF8,V62L,England/20139018202/2020,Galiano et al,EPI_ISL_420523
P0DTC2,S,P812S,Netherlands/ZuidHolland_27/2020,Nieuwenhuijse et al,EPI_ISL_415531
P0DTD1,ORF1a,L3606F,Canada/ON_PHL5694/2020,Eshaghi et al,EPI_ISL_418329
P0DTC2,S,D215H,Finland/14M74/2020,Smura et al,EPI_ISL_418409
P0DTD1,ORF1a,S1468F,Wales/PHWC-25014/2020,Moore et al,EPI_ISL_420963
P0DTD1,ORF1a,A735V,Belgium/Human/CS-031052/2020,Vanmechelen et al,EPI_ISL_418800
P0DTD1,ORF1a,L3210R,Wales/PHWC-23E2B/2020,Moore et al,EPI_ISL_418117
P0DTD1,ORF1a,E2993D,Germany/BAV-V2011463/2020,Muenchhoff et al,EPI_ISL_420904
P0DTD1,ORF1a,S3099L,Belgium/ULG-10032/2020,Durkin et al,EPI_ISL_421206
P0DTD1,ORF1a,I2230T,Wales/PHWC-25120/2020,Moore et al,EPI_ISL_420970
P0DTD1,ORF1a,A3070V,Wales/PHWC-24AF9/2020,Moore et al,EPI_ISL_419483
P0DTC3,ORF3a,G44R,Wales/PHWC-24AF9/2020,Moore et al,EPI_ISL_419483
P0DTD1,ORF1a,G1125D,Wales/PHWC-24B9C/2020,Moore et al,EPI_ISL_419493
P0DTD1,ORF1b,Q6660K,Wales/PHWC-25490/2020,Moore et al,EPI_ISL_420997
P0DTC9,N,D144E,Wales/PHWC-24CB7/2020,Moore et al,EPI_ISL_420937
P0DTD1,ORF1a,K3353R,Wales/PHWC-24CB7/2020,Moore et al,EPI_ISL_420937
P0DTD1,ORF1b,E5961D,Wales/PHWC-244DD/2020,Moore et al,EPI_ISL_419419
P0DTD1,ORF1a,T4164I,Wales/PHWC-2459E/2020,Moore et al,EPI_ISL_419429
P0DTD1,ORF1b,T6773I,Wales/PHWC-24A9F/2020,Moore et al,EPI_ISL_419477
P0DTC8,ORF8,T11I,Wales/PHWC-25445/2020,Moore et al,EPI_ISL_420992
P0DTC3,ORF3a,W45L,Wales/PHWC-253A2/2020,Moore et al,EPI_ISL_420986
P0DTD1,ORF1a,L3026S,Shanghai/SH0104/2020,Wang et al,EPI_ISL_416395
P0DTD1,ORF1b,L6246S,Shanghai/SH0104/2020,Wang et al,EPI_ISL_416395
P0DTD1,ORF1a,S302F,Guangdong/GD2020227-P0029/2020,Lu et al,EPI_ISL_413880
P0DTD1,ORF1a,L2688F,Australia/NSW02/2020,Rockett et al,EPI_ISL_408976
P0DTD1,ORF1b,P5562L,Shanghai/SH0106/2020,Wang et al,EPI_ISL_416396
P0DTC2,S,K558N,Shanghai/SH0106/2020,Wang et al,EPI_ISL_416396
P0DTC4,E,I46F,Shanghai/SH0071/2020,Wang et al,EPI_ISL_416374
P0DTD1,ORF1b,D6304E,Shanghai/SH0071/2020,Wang et al,EPI_ISL_416374
P0DTC7,ORF7a,H47Q,Shanghai/SH0071/2020,Wang et al,EPI_ISL_416374
P0DTC2,S,P251H,Shanghai/SH0071/2020,Wang et al,EPI_ISL_416374
P0DTC9,N,S23P,Shanghai/SH0047/2020,Wang et al,EPI_ISL_416355
P0DTC2,S,N703S,Shanghai/SH0047/2020,Wang et al,EPI_ISL_416355
P0DTD1,ORF1a,V1994D,Shanghai/SH0085/2020,Wang et al,EPI_ISL_416385
P0DTD1,ORF1b,V5059I,Shanghai/SH0085/2020,Wang et al,EPI_ISL_416385
P0DTD1,ORF1a,V1085F,USA/MA1/2020,Paden et al,EPI_ISL_409067
P0DTD1,ORF1b,Y5720C,USA/MA1/2020,Paden et al,EPI_ISL_409067
P0DTC7,ORF7a,Q62*,Shenzhen/SZTH-003/2020,Yang et al,EPI_ISL_406594
P0DTD2,ORF9b,P3L,Foshan/20SF207/2020,Kang et al,EPI_ISL_406534
P0DTD1,ORF1a,S1400P,Shanghai/SH0058/2020,Wang et al,EPI_ISL_416365
P0DTD1,ORF1a,I664N,Shanghai/SH0052/2020,Wang et al,EPI_ISL_416360
P0DTD1,ORF1b,K6958R,Shanghai/SH0050/2020,Wang et al,EPI_ISL_416358
P0DTC4,E,S6L,Canada/ON-VIDO-01/2020,Tyson et al,EPI_ISL_413015
P0DTD1,ORF1a,Q956R,Australia/VIC15/2020,Caly et al,EPI_ISL_419735
P0DTD1,ORF1a,N4118S,Guangdong/FS-S48-P0047/2020,Lu et al,EPI_ISL_413870
P0DTC3,ORF3a,T175K,Guangdong/FS-S48-P0047/2020,Lu et al,EPI_ISL_413870
P0DTC2,S,S50L,Guangdong/FS-S48-P0047/2020,Lu et al,EPI_ISL_413870
P0DTD1,ORF1a,D3728G,Shanghai/SH0068/2020,Wang et al,EPI_ISL_416371
P0DTC4,E,T30I,Shanghai/SH0045/2020,Wang et al,EPI_ISL_416354
P0DTD1,ORF1a,E755K,Australia/VIC251/2020,Caly et al,EPI_ISL_419946
P0DTD1,ORF1a,I284V,Australia/VIC237/2020,Caly et al,EPI_ISL_419932
P0DTD1,ORF1b,L6924F,Australia/NSW25/2020,Gall et al,EPI_ISL_417388
P0DTD1,ORF1b,G4571S,Malaysia/189332/2020,Yoong Min CHONG et al,EPI_ISL_417917
P0DTD1,ORF1b,A6139V,Australia/VIC231/2020,Caly et al,EPI_ISL_419926
P0DTD1,ORF1b,A5052S,Japan/Hu_DP_Kng_19-031/2020,Hishiki et al,EPI_ISL_420889
P0DTD1,ORF1a,T945I,Australia/NT01/2020,Meumann et al,EPI_ISL_419831
P0DTD2,ORF9b,R32L,Australia/NT01/2020,Meumann et al,EPI_ISL_419831
P0DTD1,ORF1a,A3023V,Australia/NT02/2020,Meumann et al,EPI_ISL_419832
P0DTD1,ORF1a,T2124I,USA/TX_2020/2020,Uehara et al,EPI_ISL_419561
P0DTC9,N,P365S,HongKong/VM20002849/2020,Dominic N.C. Tsang et al,EPI_ISL_414571
P0DTD1,ORF1a,R207C,Pakistan/Gilgit1/2020,Javed et al,EPI_ISL_417444
P0DTD1,ORF1a,A2345V,Shandong/IVDC-SD-001/2020,Tan et al,EPI_ISL_408482
P0DTC7,ORF7a,H73Q,Shandong/IVDC-SD-001/2020,Tan et al,EPI_ISL_408482
P0DTC5,M,T130P,Shanghai/SH0081/2020,Wang et al,EPI_ISL_416383
P0DTD1,ORF1b,W6273*,Shanghai/SH0081/2020,Wang et al,EPI_ISL_416383
P0DTC9,N,S186F,Canada/ON_PHL3318/2020,Eshaghi et al,EPI_ISL_418324
P0DTD3,ORF14,P33S,Canada/ON_PHL3318/2020,Eshaghi et al,EPI_ISL_418324
P0DTD1,ORF1a,A3143V,Canada/ON_PHL3318/2020,Eshaghi et al,EPI_ISL_418324
P0DTD1,ORF1b,G6875R,Canada/ON_PHL3318/2020,Eshaghi et al,EPI_ISL_418324
P0DTC2,S,T22I,Canada/ON_PHL3318/2020,Eshaghi et al,EPI_ISL_418324
P0DTC3,ORF3a,Q213K,Georgia/Tb-1523/2020,Murtskhvaladze et al,EPI_ISL_420142
P0DTC8,ORF8,Y31*,Georgia/Tb-1523/2020,Murtskhvaladze et al,EPI_ISL_420142
P0DTC9,N,S188P,Netherlands/ZuidHolland_16/2020,Nieuwenhuijse et al,EPI_ISL_414558
P0DTD1,ORF1a,L960F,Netherlands/ZuidHolland_16/2020,Nieuwenhuijse et al,EPI_ISL_414558
P0DTD1,ORF1a,V3815D,Wuhan/HBCDC-HB-05/2020,Fang et al,EPI_ISL_412981
A0A663DJA2,ORF10,T38I,Shanghai/SH0070/2020,Wang et al,EPI_ISL_416373
P0DTD1,ORF1a,G514R,Shanghai/SH0070/2020,Wang et al,EPI_ISL_416373
P0DTD1,ORF1a,P769S,Shanghai/SH0080/2020,Wang et al,EPI_ISL_416382
P0DTD1,ORF1a,A3070V,Shanghai/SH0125/2020,Wang et al,EPI_ISL_416406
P0DTD1,ORF1a,V2027I,Guangdong/DG-S41-P0056/2020,Lu et al,EPI_ISL_413896
P0DTC3,ORF3a,S166L,Guangdong/DG-S41-P0056/2020,Lu et al,EPI_ISL_413896
P0DTC2,S,S50L,Guangdong/DG-S41-P0056/2020,Lu et al,EPI_ISL_413896
P0DTD1,ORF1a,F3606L,Nanchang/JX176/2020,Li et al,EPI_ISL_421261
P0DTD1,ORF1b,G7019S,Taiwan/CGMH-CGU-04/2020,Tsao et al,EPI_ISL_415742
P0DTD1,ORF1b,S6428L,Taiwan/CGMH-CGU-07/2020,Tsao et al,EPI_ISL_417520
P0DTC9,N,A252S,USA/NY1-PV08001/2020,Patel et al,EPI_ISL_414476
P0DTD1,ORF1a,G993S,USA/NY1-PV08001/2020,Patel et al,EPI_ISL_414476
P0DTD1,ORF1b,A6407V,Canada/BC_69243/2020,Harrigan et al,EPI_ISL_415577
P0DTD1,ORF1a,T1000A,England/200990002/2020,Galiano et al,EPI_ISL_414522
P0DTD1,ORF1a,T2872M,Germany/BavPat2/2020,Walter et al,EPI_ISL_414520
P0DTC9,N,G214C,Austria/CeMM0004/2020,Popa et al,EPI_ISL_419657
P0DTD3,ORF14,M60I,Austria/CeMM0004/2020,Popa et al,EPI_ISL_419657
P0DTD1,ORF1a,T4065I,Austria/CeMM0004/2020,Popa et al,EPI_ISL_419657
P0DTD1,ORF1b,E5585D,Austria/CeMM0004/2020,Popa et al,EPI_ISL_419657
P0DTC3,ORF3a,T223I,Austria/CeMM0004/2020,Popa et al,EPI_ISL_419657
P0DTD1,ORF1a,T3255I,Georgia/Tb-82/2020,Kotaria et al,EPI_ISL_415644
P0DTD1,ORF1b,T6854K,Georgia/Tb-82/2020,Kotaria et al,EPI_ISL_415644
P0DTC9,N,P142S,Congo/299/2020,Placide Mbala-Kingebeni et al,EPI_ISL_420840
P0DTD1,ORF1b,D6270G,Congo/299/2020,Placide Mbala-Kingebeni et al,EPI_ISL_420840
P0DTC8,ORF8,G8*,Congo/299/2020,Placide Mbala-Kingebeni et al,EPI_ISL_420840
P0DTD1,ORF1a,E658D,Kuwait/KU09/2020,Fahd Al-Mulla et al,EPI_ISL_416541
P0DTD1,ORF1b,S6599C,Kuwait/KU09/2020,Fahd Al-Mulla et al,EPI_ISL_416541
P0DTC7,ORF7a,V74F,Kuwait/KU12/2020,Fahd Al-Mulla et al,EPI_ISL_416458
A0A663DJA2,ORF10,S23F,Australia/VIC06/2020,Caly et al,EPI_ISL_416414
P0DTD1,ORF1b,A6145T,Australia/VIC06/2020,Caly et al,EPI_ISL_416414
P0DTC2,S,A942S,Australia/VIC06/2020,Caly et al,EPI_ISL_416414
P0DTD1,ORF1a,T1653I,Australia/NSW18/2020,Eden et al,EPI_ISL_417384
P0DTD1,ORF1a,A3995V,England/200960041/2020,Galiano et al,EPI_ISL_414008
P0DTD1,ORF1a,S166G,Canada/BC_17397/2020,Harrigan et al,EPI_ISL_415580
P0DTC2,S,S704L,Canada/BC_17397/2020,Harrigan et al,EPI_ISL_415580
P0DTD1,ORF1b,R6658S,Canada/BC_13297/2020,Harrigan et al,EPI_ISL_415578
P0DTD1,ORF1a,C3790F,Australia/NSW21/2020,Gray et al,EPI_ISL_417386
P0DTD1,ORF1a,L3602F,Australia/NSW35/2020,Holmes et al,EPI_ISL_417393
P0DTD1,ORF1a,Y3160H,Australia/NSW28/2020,Carter et al,EPI_ISL_417391
P0DTD1,ORF1b,G4620C,Australia/NSW28/2020,Carter et al,EPI_ISL_417391
P0DTC2,S,G889S,Australia/NSW26/2020,Arnott et al,EPI_ISL_417389
P0DTC3,ORF3a,G76S,NewZealand/01/2020,Storey et al,EPI_ISL_413490
P0DTD1,ORF1a,P1220L,Shanghai/SH0098/2020,Wang et al,EPI_ISL_416391
P0DTD1,ORF1a,T1491I,HongKong/HKPU92-1302/2020,Kenneth Siu-Sing LEUNG et al,EPI_ISL_419253
P0DTD1,ORF1b,I5445V,HongKong/HKPU92-1302/2020,Kenneth Siu-Sing LEUNG et al,EPI_ISL_419253
P0DTC9,N,K373M,HongKong/HKPU70-1302/2020,Kenneth Siu-Sing LEUNG et al,EPI_ISL_419243
P0DTD1,ORF1a,D2833G,HongKong/HKPU70-1302/2020,Kenneth Siu-Sing LEUNG et al,EPI_ISL_419243
P0DTD1,ORF1b,D4695Y,HongKong/HKPU70-1302/2020,Kenneth Siu-Sing LEUNG et al,EPI_ISL_419243
P0DTC2,S,D820N,HongKong/HKPU70-1302/2020,Kenneth Siu-Sing LEUNG et al,EPI_ISL_419243
P0DTD1,ORF1a,A1983V,HongKong/HKPU91-2002/2020,Kenneth Siu-Sing LEUNG et al,EPI_ISL_419252
P0DTD1,ORF1b,K6274N,HongKong/HKPU84-2502/2020,Kenneth Siu-Sing LEUNG et al,EPI_ISL_419248
P0DTD1,ORF1a,H2799Q,HongKong/HKPU74-1302/2020,Kenneth Siu-Sing LEUNG et al,EPI_ISL_419245
P0DTD1,ORF1a,G1333V,HongKong/HKPU73-0802/2020,Kenneth Siu-Sing LEUNG et al,EPI_ISL_419244
P0DTC2,S,P1263L,HongKong/HKPU73-0802/2020,Kenneth Siu-Sing LEUNG et al,EPI_ISL_419244
P0DTC9,N,R226S,HongKong/HKPU38-3001/2020,Kenneth Siu-Sing LEUNG et al,EPI_ISL_419213
P0DTD3,ORF14,D73V,HongKong/HKPU38-3001/2020,Kenneth Siu-Sing LEUNG et al,EPI_ISL_419213
P0DTD1,ORF1a,T4164I,HongKong/HKPU36-0702/2020,Kenneth Siu-Sing LEUNG et al,EPI_ISL_418815
P0DTD1,ORF1a,D2101G,canine/HongKong/20-02756/2020,Thomas S.H. Chung et al,EPI_ISL_414518
P0DTD1,ORF1b,K6229R,canine/HongKong/20-02756/2020,Thomas S.H. Chung et al,EPI_ISL_414518
P0DTC9,N,G316E,HongKong/HKPU90-1602/2020,Kenneth Siu-Sing LEUNG et al,EPI_ISL_419251
P0DTD1,ORF1a,V1483I,HongKong/HKPU90-1602/2020,Kenneth Siu-Sing LEUNG et al,EPI_ISL_419251
P0DTD1,ORF1b,D7091E,HongKong/HKPU90-1602/2020,Kenneth Siu-Sing LEUNG et al,EPI_ISL_419251
P0DTC2,S,K310E,HongKong/HKPU90-1602/2020,Kenneth Siu-Sing LEUNG et al,EPI_ISL_419251
P0DTD1,ORF1a,D1127V,Shanghai/SH0037/2020,Wang et al,EPI_ISL_416346
P0DTD1,ORF1b,W5308C,Taiwan/2/2020,Yang et al,EPI_ISL_406031
P0DTC3,ORF3a,E191G,Taiwan/2/2020,Yang et al,EPI_ISL_406031
P0DTD1,ORF1a,S2972P,HongKong/HKPU53-0802/2020,Kenneth Siu-Sing LEUNG et al,EPI_ISL_419225
P0DTD1,ORF1b,D4728Y,HongKong/HKPU53-0802/2020,Kenneth Siu-Sing LEUNG et al,EPI_ISL_419225
P0DTD1,ORF1b,T5579I,USA/CA2/2020,Uehara et al,EPI_ISL_406036
P0DTD1,ORF1a,G818S,Sweden/01/2020,Bengner et al,EPI_ISL_411951
P0DTC2,S,F797C,Sweden/01/2020,Bengner et al,EPI_ISL_411951
P0DTD1,ORF1a,Y534C,Wuhan/WH05/2020,Chen et al,EPI_ISL_408978
P0DTD1,ORF1a,A599D,HongKong/HKPU61-0202/2020,Kenneth Siu-Sing LEUNG et al,EPI_ISL_419229
P0DTD1,ORF1a,P380L,HongKong/HKPU54-0302/2020,Kenneth Siu-Sing LEUNG et al,EPI_ISL_419226
P0DTD3,ORF14,I43T,HongKong/HKPU2_1801/2020,Kenneth Siu-Sing LEUNG et al,EPI_ISL_417177
P0DTD1,ORF1a,L3715S,HongKong/HKPU2_1801/2020,Kenneth Siu-Sing LEUNG et al,EPI_ISL_417177
P0DTD1,ORF1b,D7091E,HongKong/HKPU2_1801/2020,Kenneth Siu-Sing LEUNG et al,EPI_ISL_417177
P0DTC2,S,R509K,HongKong/HKPU48-0202/2020,Kenneth Siu-Sing LEUNG et al,EPI_ISL_419222
P0DTD1,ORF1a,V682A,HongKong/HKPU20_3001/2020,Kenneth Siu-Sing LEUNG et al,EPI_ISL_417182
P0DTC2,S,T719A,HongKong/VM20002493/2020,Dominic N.C. Tsang et al,EPI_ISL_414527
P0DTD1,ORF1a,V1339E,HongKong/HKPU42-0302/2020,Kenneth Siu-Sing LEUNG et al,EPI_ISL_419217
P0DTD1,ORF1b,G4895V,HongKong/HKPU42-0302/2020,Kenneth Siu-Sing LEUNG et al,EPI_ISL_419217
P0DTD8,ORF7b,I7T,Hangzhou/ZJU-011/2020,Yao et al,EPI_ISL_418991
P0DTD1,ORF1a,F3770L,Jian/JX169/2020,Li et al,EPI_ISL_421256
P0DTD1,ORF1a,L1599F,SouthKorea/KUMC01/2020,Kang et al,EPI_ISL_413017
P0DTC8,ORF8,L84S,SouthKorea/KUMC01/2020,Kang et al,EPI_ISL_413017
P0DTD1,ORF1a,P1921S,Shanghai/SH01/2020,Zhang et al,EPI_ISL_414510
P0DTD1,ORF1a,T3058S,Shanghai/SH0060/2020,Wang et al,EPI_ISL_416367
P0DTC7,ORF7a,E92D,Shanghai/SH0060/2020,Wang et al,EPI_ISL_416367
P0DTC2,S,P1162L,Shanghai/SH0060/2020,Wang et al,EPI_ISL_416367
P0DTC5,M,D209Y,HongKong/HKPU86-1802/2020,Kenneth Siu-Sing LEUNG et al,EPI_ISL_419249
P0DTD1,ORF1a,Q1011E,HongKong/HKPU86-1802/2020,Kenneth Siu-Sing LEUNG et al,EPI_ISL_419249
P0DTD1,ORF1b,V5384G,HongKong/HKPU86-1802/2020,Kenneth Siu-Sing LEUNG et al,EPI_ISL_419249
P0DTC2,S,L8V,HongKong/HKPU86-1802/2020,Kenneth Siu-Sing LEUNG et al,EPI_ISL_419249
P0DTC9,N,T24N,HongKong/HKPU102_2802/2020,Kenneth Siu-Sing LEUNG et al,EPI_ISL_420455
P0DTD2,ORF9b,L21M,HongKong/HKPU102_2802/2020,Kenneth Siu-Sing LEUNG et al,EPI_ISL_420455
P0DTD1,ORF1a,L3116F,HongKong/HKPU76-0802/2020,Kenneth Siu-Sing LEUNG et al,EPI_ISL_419246
P0DTC2,S,P715H,HongKong/HKPU76-0802/2020,Kenneth Siu-Sing LEUNG et al,EPI_ISL_419246
P0DTD1,ORF1a,S2378L,HongKong/CUHK1/2020,Chen et al,EPI_ISL_416314
P0DTD3,ORF14,T39I,Singapore/7/2020,Octavia et al,EPI_ISL_410713
P0DTD1,ORF1b,A5778T,Shanghai/SH0040/2020,Wang et al,EPI_ISL_416349
P0DTD1,ORF1b,V7087G,Singapore/17/2020,Mak et al,EPI_ISL_418992
P0DTC2,S,L5F,Singapore/17/2020,Mak et al,EPI_ISL_418992
P0DTD1,ORF1a,E2305Q,Shanghai/SH0056/2020,Wang et al,EPI_ISL_416364
P0DTD1,ORF1a,L1748S,Australia/VIC02/2020,Caly et al,EPI_ISL_416410
P0DTC2,S,Q409E,Guangdong/GD2020087-P0008/2020,Lu et al,EPI_ISL_413863
P0DTD1,ORF1a,D1323A,HongKong/HKPU49-3001/2020,Kenneth Siu-Sing LEUNG et al,EPI_ISL_419223
P0DTD1,ORF1a,F741Y,Shanghai/SH0127/2020,Wang et al,EPI_ISL_416408
P0DTD1,ORF1a,H2799Q,HongKong/HKPU12_2201/2020,Kenneth Siu-Sing LEUNG et al,EPI_ISL_417179
P0DTD1,ORF1a,E3909G,Belgium/DVG-0325146/2020,Joan Marti-Carreras et al,EPI_ISL_420403
P0DTD1,ORF1a,G3278D,Belgium/JJC-0325165/2020,Joan Marti-Carreras et al,EPI_ISL_420422
P0DTD1,ORF1a,L3041F,Belgium/VPE-030650/2020,Vanmechelen et al,EPI_ISL_418805
P0DTD1,ORF1a,A1698S,France/B2334/2020,Albert et al,EPI_ISL_416503
P0DTC2,S,Y508H,France/B2340/2020,Albert et al,EPI_ISL_416507
P0DTC2,S,R682Q,Hangzhou/ZJU-01/2020,Yao et al,EPI_ISL_415709
P0DTD1,ORF1a,L3352F,Georgia/Tb-468/2020,Kotaria et al,EPI_ISL_415643
P0DTC2,S,E654Q,Georgia/Tb-537/2020,Machablishvili et al,EPI_ISL_416480
P0DTD1,ORF1b,P6337S,Portugal/PT0040/2020,Guiomar et al et al,EPI_ISL_418025
P0DTD1,ORF1b,A6044V,Iceland/13/2020,Gudbjartsson et al,EPI_ISL_417765
P0DTC2,S,L18F,Iceland/13/2020,Gudbjartsson et al,EPI_ISL_417765
P0DTC9,N,I157T,Australia/VIC194/2020,Caly et al,EPI_ISL_419890
P0DTD3,ORF14,S4P,Australia/VIC194/2020,Caly et al,EPI_ISL_419890
P0DTC2,S,A892S,Australia/VIC194/2020,Caly et al,EPI_ISL_419890
P0DTD1,ORF1b,D4553V,England/20109050606/2020,Galiano et al,EPI_ISL_417267
P0DTC6,ORF6,D6Y,Australia/VIC203/2020,Caly et al,EPI_ISL_419898
P0DTD1,ORF1b,A5692V,Australia/VIC12/2020,Caly et al,EPI_ISL_416518
P0DTC2,S,M731I,Australia/VIC47/2020,Caly et al,EPI_ISL_419759
P0DTD1,ORF1a,S765P,USA/NY-NYUMC1/2020,Chen et al,EPI_ISL_414639
P0DTD1,ORF1b,H6255Y,USA/NY-NYUMC31/2020,Maria Aguero-Rosenfeld et al,EPI_ISL_418977
P0DTD1,ORF1b,P4486L,Australia/VIC218/2020,Caly et al,EPI_ISL_419913
P0DTC2,S,Q677H,Australia/VIC218/2020,Caly et al,EPI_ISL_419913
P0DTD1,ORF1a,S2535L,England/SHEF-BFE15/2020,Thushan de Silva et al,EPI_ISL_418296
P0DTC2,S,L54F,England/SHEF-BFE15/2020,Thushan de Silva et al,EPI_ISL_418296
P0DTD1,ORF1a,P885S,Scotland/CVR07/2020,Smollett et al,EPI_ISL_415630
P0DTD1,ORF1a,N3609Y,Germany/BAV-V2011395/2020,Muenchhoff et al,EPI_ISL_420903
P0DTD1,ORF1b,A5692S,Germany/BAV-V2011395/2020,Muenchhoff et al,EPI_ISL_420903
P0DTD1,ORF1a,E2070G,England/20112112106/2020,Galiano et al,EPI_ISL_417314
P0DTD1,ORF1a,P2605S,England/SHEF-C0039/2020,Thushan de Silva et al,EPI_ISL_420275
P0DTD1,ORF1b,T6038I,England/SHEF-C0039/2020,Thushan de Silva et al,EPI_ISL_420275
P0DTD1,ORF1b,S6713L,Congo/158/2020,Placide Mbala-Kingebeni et al,EPI_ISL_417950
P0DTC2,S,V1122L,Congo/158/2020,Placide Mbala-Kingebeni et al,EPI_ISL_417950
P0DTC5,M,R158C,England/20100001406/2020,Galiano et al,EPI_ISL_415132
P0DTD1,ORF1a,V739I,Belgium/DV-0324117/2020,Joan Marti-Carreras et al,EPI_ISL_420374
P0DTD1,ORF1a,A2249V,England/20122088102/2020,Galiano et al,EPI_ISL_418678
P0DTC9,N,T205I,Australia/NSW57/2020,Rahman et al,EPI_ISL_417409
P0DTD3,ORF14,L52F,Australia/NSW57/2020,Rahman et al,EPI_ISL_417409
P0DTD1,ORF1a,Q362L,England/SHEF-BFFD6/2020,Thushan de Silva et al,EPI_ISL_418320
P0DTC5,M,L87F,England/SHEF-C0127/2020,Thushan de Silva et al,EPI_ISL_420228
P0DTD1,ORF1b,R4641K,England/SHEF-C0127/2020,Thushan de Silva et al,EPI_ISL_420228
P0DTC2,S,P1162S,USA/WI-25/2020,Moreno et al,EPI_ISL_421283
P0DTD1,ORF1b,M5997I,England/20130027103/2020,Galiano et al,EPI_ISL_420494
P0DTD1,ORF1a,R398C,England/SHEF-C088C/2020,Thushan de Silva et al,EPI_ISL_420174
P0DTD1,ORF1a,T2166A,Congo/KN-0059/2020,Placide Mbala-Kingebeni et al,EPI_ISL_417439
P0DTD1,ORF1a,R2949H,England/20139063804/2020,Galiano et al,EPI_ISL_420748
P0DTD1,ORF1b,A4645V,England/20139060004/2020,Galiano et al,EPI_ISL_420731
P0DTC2,S,S1252F,England/20139060004/2020,Galiano et al,EPI_ISL_420731
P0DTD1,ORF1a,T781I,Wales/PHWC-251E4/2020,Moore et al,EPI_ISL_420983
P0DTD1,ORF1b,M5798V,Wales/PHWC-251E4/2020,Moore et al,EPI_ISL_420983
P0DTD1,ORF1b,S5164F,England/SHEF-C0655/2020,Thushan de Silva et al,EPI_ISL_420292
P0DTC9,N,E253G,Wales/PHWC-243D0/2020,Moore et al,EPI_ISL_419406
P0DTC7,ORF7a,V104F,England/SHEF-C0497/2020,Thushan de Silva et al,EPI_ISL_420189
P0DTC9,N,D377G,NewZealand/CoV002/2020,M.E. Quinones-Mateu et al,EPI_ISL_417212
P0DTC9,N,L230F,England/20116022902/2020,Galiano et al,EPI_ISL_418669
P0DTD1,ORF1b,R6203S,Wales/PHWC-2433A/2020,Moore et al,EPI_ISL_419398
P0DTC2,S,R577C,Wales/PHWC-2433A/2020,Moore et al,EPI_ISL_419398
P0DTD1,ORF1a,S944L,Australia/VIC325/2020,Seemann et al,EPI_ISL_420016
P0DTD1,ORF1a,G604S,Wales/PHWC-251C6/2020,Moore et al,EPI_ISL_420981
P0DTD2,ORF9b,T84I,Wales/PHWC-251C6/2020,Moore et al,EPI_ISL_420981
P0DTD1,ORF1b,K6958R,USA/NY-PV08135/2020,Ana Gonzalez-Reiche et al,EPI_ISL_421357
P0DTD1,ORF1b,L6291F,USA/ID-UW295/2020,Roychoudhury et al,EPI_ISL_418080
P0DTD1,ORF1a,I368T,Australia/WA07/2020,Sikazwe et al,EPI_ISL_420537
P0DTC8,ORF8,T11I,Australia/WA07/2020,Sikazwe et al,EPI_ISL_420537
P0DTC9,N,R185C,Slovenia/808/2020,Tomaz Mark Zorec et al,EPI_ISL_420541
P0DTD1,ORF1b,T4668M,England/20109094206/2020,Galiano et al,EPI_ISL_417291
P0DTC2,S,S939F,Switzerland/1000477102/2020,Schmutz et al,EPI_ISL_413019
P0DTD3,ORF14,A61V,USA/WA-UW275/2020,Roychoudhury et al,EPI_ISL_418060
P0DTD1,ORF1b,M4502V,USA/WA-UW275/2020,Roychoudhury et al,EPI_ISL_418060
P0DTD1,ORF1b,V4797F,Netherlands/NA_29/2020,Nieuwenhuijse et al,EPI_ISL_415486
P0DTC9,N,W330L,USA/WI-43/2020,Moreno et al,EPI_ISL_421301
P0DTD1,ORF1a,K3353R,USA/WI-43/2020,Moreno et al,EPI_ISL_421301
P0DTD1,ORF1b,P5402S,Hangzhou/HZCDC6789/2020,Li et al,EPI_ISL_421221
P0DTD1,ORF1a,A4285V,Netherlands/Utrecht_18/2020,Nieuwenhuijse et al,EPI_ISL_415527
P0DTD1,ORF1a,T708I,Brazil/SPBR-02/2020,Jaqueline Goes de Jesus et al,EPI_ISL_413016
P0DTD1,ORF1a,G950R,USA/CT-Yale-028/2020,Fauver et al,EPI_ISL_419521
P0DTC2,S,D936Y,France/ARA11036/2020,Bal et al,EPI_ISL_418432
A0A663DJA2,ORF10,I27T,USA/MN4-MDH4/2020,Plumb et al,EPI_ISL_417189
P0DTD1,ORF1b,W6974L,USA/MN4-MDH4/2020,Plumb et al,EPI_ISL_417189
P0DTD1,ORF1b,G5942W,Luxembourg/LNS0591129/2020,Anke Wienecke-Baldacchino et al,EPI_ISL_419565
P0DTC3,ORF3a,Q116K,Luxembourg/LNS0591129/2020,Anke Wienecke-Baldacchino et al,EPI_ISL_419565
P0DTC9,N,T205I,Australia/VIC208/2020,Caly et al,EPI_ISL_419903
P0DTD3,ORF14,L52F,Australia/VIC208/2020,Caly et al,EPI_ISL_419903
P0DTC9,N,T166I,Belgium/ULG-10022/2020,Durkin et al,EPI_ISL_421197
P0DTD3,ORF14,H13Y,Belgium/ULG-10022/2020,Durkin et al,EPI_ISL_421197
P0DTD1,ORF1a,K1202N,Belgium/ULG-10022/2020,Durkin et al,EPI_ISL_421197
P0DTD1,ORF1b,V5297I,Belgium/ULG-10022/2020,Durkin et al,EPI_ISL_421197
P0DTC3,ORF3a,C200Y,Belgium/ULG-10022/2020,Durkin et al,EPI_ISL_421197
P0DTD1,ORF1a,S308L,Netherlands/NoordBrabant_23/2020,Nieuwenhuijse et al,EPI_ISL_414532
P0DTD1,ORF1b,P4715L,Netherlands/NA_35/2020,Nieuwenhuijse et al,EPI_ISL_415492
P0DTD1,ORF1a,Q1201E,Belgium/SR-0319112/2020,Joan Marti-Carreras et al,EPI_ISL_420369
P0DTC3,ORF3a,L15F,Belgium/SR-0319112/2020,Joan Marti-Carreras et al,EPI_ISL_420369
P0DTD1,ORF1a,K1895N,Belgium/MNL-0324130/2020,Joan Marti-Carreras et al,EPI_ISL_420387
P0DTD1,ORF1b,T4654A,Australia/VIC322/2020,Seemann et al,EPI_ISL_420013
P0DTD1,ORF1a,F3606L,Belgium/ULG-7019/2020,Keith et al,EPI_ISL_417025
P0DTD1,ORF1a,R560H,USA/WA-UW137/2020,Roychoudhury et al,EPI_ISL_416675
P0DTC9,N,Q28H,England/20109056406/2020,Galiano et al,EPI_ISL_417281
P0DTD2,ORF9b,R25I,England/20109056406/2020,Galiano et al,EPI_ISL_417281
P0DTC2,S,N481H,Australia/VIC61/2020,Caly et al,EPI_ISL_419773
P0DTD1,ORF1b,P6065S,Australia/VIC55/2020,Caly et al,EPI_ISL_419776
P0DTD1,ORF1a,C2288Y,Australia/VIC36/2020,Caly et al,EPI_ISL_419765
P0DTD1,ORF1a,T3459M,Iceland/119/2020,Gudbjartsson et al,EPI_ISL_417544
P0DTD1,ORF1a,S1872N,Iceland/135/2020,Gudbjartsson et al,EPI_ISL_417696
P0DTC2,S,S1170P,Iceland/202/2020,Gudbjartsson et al,EPI_ISL_417750
P0DTC5,M,C33F,Iceland/324/2020,Gudbjartsson et al,EPI_ISL_417653
P0DTD1,ORF1b,A5091S,Netherlands/ZuidHolland_8/2020,Nieuwenhuijse et al,EPI_ISL_414468
P0DTD1,ORF1a,L2609F,USA/CZB-RR057-005/2020,Arevalo et al,EPI_ISL_417931
P0DTC3,ORF3a,T34M,Wales/PHWC-2415E/2020,Moore et al,EPI_ISL_418149
P0DTD1,ORF1a,D194Y,Shangrao/JX1176/2020,Li et al,EPI_ISL_421251
P0DTD1,ORF1a,A2001T,Shangrao/JX1177/2020,Li et al,EPI_ISL_421250
P0DTD1,ORF1b,P6083L,Japan/AI-I-004/2020,Sekizuka et al,EPI_ISL_407084
P0DTD1,ORF1a,Y4379*,Belgium/MSE-0324121/2020,Joan Marti-Carreras et al,EPI_ISL_420378
P0DTC2,S,P1162L,Belgium/MSE-0324121/2020,Joan Marti-Carreras et al,EPI_ISL_420378
P0DTD1,ORF1a,I476V,Guangdong/2020XN4373-P0039/2020,Lu et al,EPI_ISL_413851
P0DTC7,ORF7a,F54S,Shanghai/SH0007/2020,Wang et al,EPI_ISL_416320
P0DTC2,S,K378R,Shanghai/SH0007/2020,Wang et al,EPI_ISL_416320
P0DTC2,S,V1040F,Jian/JX129/2020,Li et al,EPI_ISL_421253
P0DTC9,N,S193I,Shanghai/SH0093/2020,Wang et al,EPI_ISL_416389
P0DTD3,ORF14,V40F,Shanghai/SH0093/2020,Wang et al,EPI_ISL_416389
P0DTC7,ORF7a,E121*,Shanghai/SH0093/2020,Wang et al,EPI_ISL_416389
P0DTD1,ORF1a,E3764D,Japan/KY-V-029/2020,Sekizuka et al,EPI_ISL_408669
P0DTC3,ORF3a,L140V,Japan/KY-V-029/2020,Sekizuka et al,EPI_ISL_408669
P0DTC2,S,L948R,Shanghai/SH0088/2020,Wang et al,EPI_ISL_416387
P0DTC2,S,Y28H,Australia/QLDID922/2020,Huang et al,EPI_ISL_418799
P0DTD1,ORF1b,A6707S,Shanghai/SH0053/2020,Wang et al,EPI_ISL_416361
P0DTD1,ORF1a,S1587L,Shanghai/SH0051/2020,Wang et al,EPI_ISL_416359
P0DTD1,ORF1b,K5526R,Taiwan/CGMH-CGU-02/2020,Tsao et al,EPI_ISL_417518
P0DTC2,S,S884F,Taiwan/CGMH-CGU-02/2020,Tsao et al,EPI_ISL_417518
P0DTD1,ORF1a,V1199I,Jiangsu/JS02/2020,Zhao et al,EPI_ISL_411952
P0DTD1,ORF1b,G4436V,Jiangsu/JS02/2020,Zhao et al,EPI_ISL_411952
P0DTC5,M,S4F,Shanghai/SH0008/2020,Wang et al,EPI_ISL_416321
P0DTD1,ORF1a,T609I,USA/CA5/2020,Tao et al,EPI_ISL_408010
P0DTD1,ORF1a,S2558C,Shangrao/JX1974/2020,Li et al,EPI_ISL_421258
P0DTC9,N,T135P,Belgium/BJ-0324192/2020,Joan Marti-Carreras et al,EPI_ISL_420412
P0DTD1,ORF1a,A876T,Belgium/BJ-0324192/2020,Joan Marti-Carreras et al,EPI_ISL_420412
P0DTD1,ORF1b,P4715L,Belgium/BJ-0324192/2020,Joan Marti-Carreras et al,EPI_ISL_420412
P0DTC2,S,I870S,Belgium/BJ-0324192/2020,Joan Marti-Carreras et al,EPI_ISL_420412
P0DTD1,ORF1a,T265I,Hangzhou/HZCDC6706/2020,Li et al,EPI_ISL_421222
P0DTC4,E,P71L,Spain/Madrid_LP10_12/2020,Dahdouh et al,EPI_ISL_417969
P0DTD1,ORF1a,D2980G,Spain/Madrid_LP10_12/2020,Dahdouh et al,EPI_ISL_417969
P0DTD1,ORF1b,R7030G,Spain/Madrid_LP10_12/2020,Dahdouh et al,EPI_ISL_417969
P0DTC7,ORF7a,L116P,Spain/Madrid_LP10_12/2020,Dahdouh et al,EPI_ISL_417969
P0DTC2,S,N148K,Spain/Madrid_LP10_12/2020,Dahdouh et al,EPI_ISL_417969
P0DTD1,ORF1a,N430K,Shanghai/SH0025/2020,Wang et al,EPI_ISL_416334
P0DTD1,ORF1b,E5314G,Shanghai/SH0086/2020,Wang et al,EPI_ISL_416386
P0DTD1,ORF1b,P4715L,Belgium/DB-03023/2020,Vanmechelen et al,EPI_ISL_416470
P0DTC2,S,V42L,Belgium/DA-030691/2020,Joan Marti-Carreras et al,EPI_ISL_420347
P0DTD1,ORF1a,D1481H,Belgium/JLJ-0320101/2020,Joan Marti-Carreras et al,EPI_ISL_420357
P0DTD1,ORF1b,T4685I,Belgium/JLJ-0320101/2020,Joan Marti-Carreras et al,EPI_ISL_420357
P0DTD1,ORF1a,N1262T,Belgium/VNP-0320107/2020,Joan Marti-Carreras et al,EPI_ISL_420363
P0DTD1,ORF1a,C4383G,Belgium/CD-030679/2020,Joan Marti-Carreras et al,EPI_ISL_420335
P0DTC2,S,P943S,Belgium/BJ-030767/2020,Joan Marti-Carreras et al,EPI_ISL_420323
P0DTD1,ORF1a,C4381W,Belgium/SN-03031/2020,Vanmechelen et al,EPI_ISL_416469
P0DTC3,ORF3a,T14I,Belgium/FAE-030948/2020,Joan Marti-Carreras et al,EPI_ISL_420445
P0DTC2,S,K458R,Belgium/BA-02291/2020,Vanmechelen et al,EPI_ISL_415159
P0DTD1,ORF1a,M585V,USA/NY-NYUMC9/2020,Black et al,EPI_ISL_418194
P0DTD1,ORF1a,S610L,Belgium/MJP-030684/2020,Joan Marti-Carreras et al,EPI_ISL_420340
P0DTD1,ORF1a,S3R,Belgium/RJL-030588/2020,Joan Marti-Carreras et al,EPI_ISL_420344
P0DTD1,ORF1a,L4246S,Belgium/DCS-030796/2020,Joan Marti-Carreras et al,EPI_ISL_420352
P0DTD1,ORF1a,N1262T,Belgium/HP-0319108/2020,Joan Marti-Carreras et al,EPI_ISL_420364
P0DTD1,ORF1b,E4669A,Belgium/HP-0319108/2020,Joan Marti-Carreras et al,EPI_ISL_420364
P0DTD1,ORF1a,N1262T,Belgium/OT-0319109/2020,Joan Marti-Carreras et al,EPI_ISL_420365
P0DTD1,ORF1a,K3854N,Italy/UniMI01/2020,Zehender et al,EPI_ISL_417445
P0DTD1,ORF1a,G1408S,Belgium/VGA-030672/2020,Joan Marti-Carreras et al,EPI_ISL_420328
P0DTD1,ORF1b,R5716C,Belgium/VGA-030672/2020,Joan Marti-Carreras et al,EPI_ISL_420328
P0DTD1,ORF1a,N1458K,USA/MN30-MDH30/2020,Plumb et al,EPI_ISL_417198
A0A663DJA2,ORF10,P10S,Finland/FIN03032020A/2020,Smura et al,EPI_ISL_413602
P0DTC2,S,A435S,Finland/FIN03032020A/2020,Smura et al,EPI_ISL_413602
P0DTD1,ORF1b,P5377S,Wales/PHW27/2020,Moore et al,EPI_ISL_415655
P0DTC6,ORF6,E55D,Wales/PHW27/2020,Moore et al,EPI_ISL_415655
P0DTC2,S,V341I,Wales/PHW27/2020,Moore et al,EPI_ISL_415655
P0DTD1,ORF1a,I1159T,Finland/FIN-25/2020,Smura et al,EPI_ISL_412971
P0DTC2,S,L249S,Finland/FIN-25/2020,Smura et al,EPI_ISL_412971
P0DTD1,ORF1a,N1262T,Belgium/QOJ-030751/2020,Joan Marti-Carreras et al,EPI_ISL_420316
P0DTC2,S,D568E,Belgium/QOJ-030751/2020,Joan Marti-Carreras et al,EPI_ISL_420316
P0DTC3,ORF3a,Y145L,Canada/ON_PHL0976/2020,Eshaghi et al,EPI_ISL_418378
P0DTD1,ORF1a,S2237I,England/20100022706/2020,Galiano et al,EPI_ISL_415136
P0DTD1,ORF1b,D5216Y,England/20104002606/2020,Galiano et al,EPI_ISL_417220
P0DTD1,ORF1b,S5674L,Spain/CastillayLeon201061/2020,Iglesias-Caballero et al,EPI_ISL_418247
P0DTD1,ORF1a,V3660A,Spain/Madrid201105/2020,Iglesias-Caballero et al,EPI_ISL_418251
P0DTD1,ORF1b,S7000F,Spain/Madrid201105/2020,Iglesias-Caballero et al,EPI_ISL_418251
P0DTC5,M,D3G,Switzerland/AG0361/2020,LAUBSCHER Florian et al. et al,EPI_ISL_413999
P0DTD1,ORF1a,Y4379*,Belgium/RA-030445/2020,Joan Marti-Carreras et al,EPI_ISL_420443
P0DTC2,S,S943P,Belgium/RA-030445/2020,Joan Marti-Carreras et al,EPI_ISL_420443
P0DTC9,N,A397S,Wales/PHW13/2020,Moore et al,EPI_ISL_415537
P0DTD1,ORF1a,L1627I,Wales/PHW13/2020,Moore et al,EPI_ISL_415537
P0DTD1,ORF1b,L7073P,Wales/PHW10/2020,Moore et al,EPI_ISL_415453
P0DTD1,ORF1a,A1314T,Netherlands/Utrecht_1363564/2020,Nieuwenhuijse et al,EPI_ISL_413588
P0DTC6,ORF6,T21I,Belgium/MSE-0324131/2020,Joan Marti-Carreras et al,EPI_ISL_420388
P0DTD8,ORF7b,E39K,Belgium/MSE-0324131/2020,Joan Marti-Carreras et al,EPI_ISL_420388
P0DTC8,ORF8,W45T,Belgium/MSE-0324131/2020,Joan Marti-Carreras et al,EPI_ISL_420388
P0DTD1,ORF1b,V6876G,Denmark/SSI-04/2020,Rasmussen et al,EPI_ISL_416153
P0DTD1,ORF1a,L853*,Luxembourg/LNS1909273/2020,Anke Wienecke-Baldacchino et al,EPI_ISL_419574
P0DTD1,ORF1a,*4379Y,Portugal/PT0090/2020,Guiomar et al et al,EPI_ISL_421493
P0DTC2,S,S943T,Belgium/VAG-03013/2020,Vanmechelen et al,EPI_ISL_415155
P0DTD1,ORF1a,I1686K,Belgium/VLM-03011/2020,Vanmechelen et al,EPI_ISL_415153
P0DTC2,S,L5F,England/20099107406/2020,Galiano et al,EPI_ISL_415131
P0DTC2,S,S94F,Finland/14M13/2020,Smura et al,EPI_ISL_418402
P0DTC9,N,D402Y,Netherlands/NA_31/2020,Nieuwenhuijse et al,EPI_ISL_415488
P0DTD8,ORF7b,E39*,Netherlands/NA_31/2020,Nieuwenhuijse et al,EPI_ISL_415488
P0DTC7,ORF7a,T28I,Iceland/199/2020,Gudbjartsson et al,EPI_ISL_417706
P0DTC2,S,S939F,Iceland/199/2020,Gudbjartsson et al,EPI_ISL_417706
P0DTD1,ORF1a,P1541S,Germany/NRW-33/2020,Adams et al,EPI_ISL_419550
P0DTC7,ORF7a,Q76*,England/SHEF-C0154/2020,Thushan de Silva et al,EPI_ISL_420226
P0DTC2,S,L611F,Denmark/SSI-102/2020,Rasmussen et al,EPI_ISL_415647
P0DTD1,ORF1a,R99C,France/IDF3235/2020,Albert et al,EPI_ISL_420064
P0DTD1,ORF1a,D992N,Switzerland/42176753/2020,Hirsch et al,EPI_ISL_418284
P0DTC2,S,D80Y,Switzerland/42176753/2020,Hirsch et al,EPI_ISL_418284
P0DTD1,ORF1a,G1261D,Portugal/PT0039/2020,Guiomar et al et al,EPI_ISL_418024
P0DTC2,S,E281V,Taiwan/128/2020,Yang et al,EPI_ISL_420083
P0DTD1,ORF1a,V3718F,USA/WI-37/2020,Moreno et al,EPI_ISL_421295
P0DTD1,ORF1b,P5968L,Belgium/ULG-9738/2020,Durkin et al,EPI_ISL_418662
P0DTD1,ORF1a,I2231L,Italy/UniSR1/2020,R.A Diotti et al,EPI_ISL_413489
P0DTD1,ORF1b,D5584Y,Luxembourg/LNS0366116/2020,Anke Wienecke-Baldacchino et al,EPI_ISL_419564
P0DTD1,ORF1a,T3488I,France/N1620/2020,Albert et al,EPI_ISL_414624
P0DTD1,ORF1a,K837R,Austria/CeMM0014/2020,Popa et al,EPI_ISL_419667
P0DTD1,ORF1a,N3725S,Luxembourg/LNS9627078/2020,Anke Wienecke-Baldacchino et al,EPI_ISL_419604
P0DTD1,ORF1a,L451F,Canada/BC_9345042/2020,Harrigan et al,EPI_ISL_418856
P0DTC2,S,L5F,Italy/INMI7/2020,Antonino Di Caro et al,EPI_ISL_419255
P0DTC3,ORF3a,T175I,Australia/VIC273/2020,Caly et al,EPI_ISL_419966
P0DTD1,ORF1b,D6671G,Belgium/VHRA-030644/2020,Vanmechelen et al,EPI_ISL_418794
P0DTD1,ORF1b,G5104V,Norway/1811/2020,Kathrine Stene-Johansen et al,EPI_ISL_420139
P0DTD1,ORF1b,I5651V,Belgium/KA-03042/2020,Joan Marti-Carerras et al,EPI_ISL_417424
P0DTD1,ORF1a,R207C,Slovakia/SK-BMC1/2020,Slavikova et al,EPI_ISL_417877
P0DTD1,ORF1a,T4371N,Iceland/235/2020,Gudbjartsson et al,EPI_ISL_417563
P0DTC9,N,P168S,Iceland/164/2020,Gudbjartsson et al,EPI_ISL_417758
P0DTC9,N,A156S,England/200981386/2020,Galiano et al,EPI_ISL_414010
P0DTD1,ORF1b,E6712K,Portugal/PT0005/2020,Guiomar et al et al,EPI_ISL_417989
P0DTC9,N,G34W,Italy/TE4836/2020,Lorusso et al,EPI_ISL_418260
P0DTD1,ORF1a,N1262T,Belgium/VHC-030655/2020,Joan Marti-Carreras et al,EPI_ISL_420449
P0DTD1,ORF1a,G2808R,Belgium/HC-030760/2020,Joan Marti-Carreras et al,EPI_ISL_420451
P0DTD1,ORF1b,S5398A,Belgium/HC-030760/2020,Joan Marti-Carreras et al,EPI_ISL_420451
P0DTD1,ORF1a,P1921L,Belgium/ULG-9719/2020,Durkin et al,EPI_ISL_418658
P0DTC3,ORF3a,Y107D,Luxembourg/LNS2151006/2020,Anke Wienecke-Baldacchino et al,EPI_ISL_419576
P0DTD1,ORF1a,F1154V,Norway/1953/2020,Kathrine Stene-Johansen et al,EPI_ISL_420313
P0DTD1,ORF1a,Q3777H,USA/MN67-MDH67/2020,Plumb et al,EPI_ISL_419395
P0DTD1,ORF1a,T1035I,USA/RI_0520/2020,Tao et al,EPI_ISL_419553
P0DTC2,S,Q954K,Spain/Madrid_LP15_4/2020,Dahdouh et al,EPI_ISL_417978
P0DTD1,ORF1a,K292T,Austria/CeMM0016/2020,Popa et al,EPI_ISL_419669
P0DTD1,ORF1b,N6463S,Austria/CeMM0016/2020,Popa et al,EPI_ISL_419669
P0DTD1,ORF1b,L5621P,Spain/Valencia50/2020,Paula Ruiz-Hueso et al,EPI_ISL_420131
P0DTC6,ORF6,T21I,Spain/Valencia50/2020,Paula Ruiz-Hueso et al,EPI_ISL_420131
P0DTD1,ORF1a,N1995H,Spain/Madrid_H12_1502/2020,Viedma et al,EPI_ISL_421172
P0DTD1,ORF1a,P2144L,England/20140039304/2020,Galiano et al,EPI_ISL_420755
P0DTD1,ORF1b,L5621I,England/20140039304/2020,Galiano et al,EPI_ISL_420755
P0DTC7,ORF7a,S81L,England/20102073303/2020,Galiano et al,EPI_ISL_417214
P0DTD1,ORF1b,G5494S,Spain/Madrid_H12_2208/2020,Viedma et al,EPI_ISL_421178
P0DTC3,ORF3a,G254R,Spain/Madrid_H12_2208/2020,Viedma et al,EPI_ISL_421178
P0DTD1,ORF1a,T1055I,USA/WI-79/2020,Moreno et al,EPI_ISL_421338
P0DTD1,ORF1b,K6958R,USA/WI-79/2020,Moreno et al,EPI_ISL_421338
A0A663DJA2,ORF10,A28V,USA/WI-02/2020,Katarina Braun and Gage Moreno et al,EPI_ISL_416489
P0DTC7,ORF7a,G38V,Portugal/PT0024/2020,Guiomar et al et al,EPI_ISL_418009
P0DTD1,ORF1b,M5021I,Spain/Madrid_H12_1703/2020,Viedma et al,EPI_ISL_421173
P0DTD1,ORF1a,I4049V,Spain/Madrid_H12_2107/2020,Viedma et al,EPI_ISL_421177
P0DTC3,ORF3a,L94F,Portugal/PT0057/2020,Guiomar et al et al,EPI_ISL_421460
P0DTD1,ORF1a,R3368H,Luxembourg/LNS1874423/2020,Anke Wienecke-Baldacchino et al,EPI_ISL_419573
P0DTD1,ORF1a,G3846S,Spain/Madrid_H12_1804/2021,Viedma et al,EPI_ISL_421174
P0DTC2,S,G1219V,Spain/Madrid_H12_1804/2021,Viedma et al,EPI_ISL_421174
P0DTD1,ORF1a,A2123V,Portugal/PT0089/2020,Guiomar et al et al,EPI_ISL_421492
P0DTD1,ORF1b,R4466G,Iceland/250/2020,Gudbjartsson et al,EPI_ISL_417578
P0DTC9,N,L331F,Hungary/2/2020,Urban et al,EPI_ISL_418183
P0DTC2,S,Q935H,Spain/Madrid_H12_2410/2020,Viedma et al,EPI_ISL_421180
P0DTD1,ORF1b,M5058I,Wales/PHWC-241A9/2020,Moore et al,EPI_ISL_418152
P0DTD1,ORF1b,A6407V,Netherlands/NoordBrabant_4/2020,Nieuwenhuijse et al,EPI_ISL_414450
P0DTC5,M,R200W,Belgium/VM-0325171/2020,Joan Marti-Carreras et al,EPI_ISL_420428
P0DTD1,ORF1a,G1488V,Belgium/VM-0325171/2020,Joan Marti-Carreras et al,EPI_ISL_420428
P0DTD1,ORF1b,P5310S,Belgium/NJC-0324126/2020,Joan Marti-Carreras et al,EPI_ISL_420383
P0DTD1,ORF1a,L4365F,Netherlands/NoordHolland_3/2020,Nieuwenhuijse et al,EPI_ISL_415525
P0DTD1,ORF1a,S166G,Norway/2084/2020,Kathrine Stene-Johansen et al,EPI_ISL_420150
P0DTD1,ORF1a,T2187N,Netherlands/NA_24/2020,Nieuwenhuijse et al,EPI_ISL_415481
P0DTD1,ORF1a,L4365F,Netherlands/NA_20/2020,Nieuwenhuijse et al,EPI_ISL_415477
P0DTD1,ORF1a,T2153I,Australia/VIC274/2020,Caly et al,EPI_ISL_419967
P0DTD1,ORF1a,L3717F,France/IDF3212/2020,Albert et al,EPI_ISL_420061
P0DTD1,ORF1b,M4772I,England/20119026102/2020,Galiano et al,EPI_ISL_418671
P0DTC8,ORF8,D75N,Senegal/600/2020,Dia et al,EPI_ISL_420074
P0DTD1,ORF1b,K6958R,Germany/NRW-30/2020,Adams et al,EPI_ISL_419547
P0DTD1,ORF1a,E2982Q,USA/UT-00011/2020,Young et al,EPI_ISL_417959
P0DTD1,ORF1b,V5212F,Australia/VIC264/2020,Caly et al,EPI_ISL_419957
P0DTD1,ORF1a,L960F,Netherlands/ZuidHolland_17/2020,Nieuwenhuijse et al,EPI_ISL_414559
P0DTC3,ORF3a,V13L,England/20139062104/2020,Galiano et al,EPI_ISL_420738
P0DTD1,ORF1a,K856Q,Senegal/119/2020,Dia et al,EPI_ISL_418215
P0DTD1,ORF1b,L6344W,Senegal/119/2020,Dia et al,EPI_ISL_418215
P0DTC9,N,P383L,Senegal/094/2020,Dia et al,EPI_ISL_418213
P0DTC8,ORF8,D35Y,Australia/VIC149/2020,Caly et al,EPI_ISL_419846
P0DTC2,S,D467V,Australia/VIC149/2020,Caly et al,EPI_ISL_419846
P0DTD1,ORF1a,L3754F,Portugal/PT0032/2020,Guiomar et al et al,EPI_ISL_418017
P0DTD1,ORF1b,Y4875H,USA/WI-GMF00281/2020,Craig Richmond & Paraic Kenny et al,EPI_ISL_419652
P0DTD1,ORF1b,A7056V,England/SHEF-C042E/2020,Thushan de Silva et al,EPI_ISL_420179
P0DTD1,ORF1a,P2376L,Denmark/SSI-03/2020,Rasmussen et al,EPI_ISL_416144
P0DTC2,S,G75D,Spain/Valencia41/2020,Navarro et al,EPI_ISL_420125
P0DTC3,ORF3a,T175I,Australia/VIC303/2020,Caly et al,EPI_ISL_419994
P0DTC4,E,L73F,Australia/VIC275/2020,Caly et al,EPI_ISL_419968
P0DTC9,N,M101I,England/20142061804/2020,Galiano et al,EPI_ISL_420772
P0DTD1,ORF1a,T1854I,England/20142061804/2020,Galiano et al,EPI_ISL_420772
P0DTC7,ORF7a,V104F,England/20142061804/2020,Galiano et al,EPI_ISL_420772
P0DTD1,ORF1a,S391F,Belgium/GL-030546/2020,Vanmechelen et al,EPI_ISL_418792
P0DTD1,ORF1b,P4619L,Brazil/MG0112/2020,Romero et al,EPI_ISL_417949
P0DTC2,S,S46L,Brazil/MG0112/2020,Romero et al,EPI_ISL_417949
P0DTD1,ORF1b,S6062I,Brazil/MG0101/2020,Romero et al,EPI_ISL_417925
P0DTD1,ORF1a,S2103F,Italy/TE4925/2020,Lorusso et al,EPI_ISL_418255
P0DTD1,ORF1a,T2967I,England/20140039104/2020,Galiano et al,EPI_ISL_420753
P0DTD1,ORF1a,T1022I,England/SHEF-BFF5E/2020,Thushan de Silva et al,EPI_ISL_418312
P0DTD1,ORF1b,T4644N,England/SHEF-BFF5E/2020,Thushan de Silva et al,EPI_ISL_418312
P0DTD1,ORF1a,T1760I,France/ARA12269/2020,Bal et al,EPI_ISL_419187
P0DTC2,S,L1063F,France/ARA12269/2020,Bal et al,EPI_ISL_419187
P0DTD1,ORF1a,T4164I,Germany/BAV-V2010840/2020,Muenchhoff et al,EPI_ISL_420901
P0DTD1,ORF1a,P309L,USA/WI-78/2020,Moreno et al,EPI_ISL_421336
P0DTD1,ORF1a,L2527M,France/ARA12238/2020,Bal et al,EPI_ISL_419180
P0DTD1,ORF1b,V6474L,France/Clermont-Ferrand_651/2020,Bal et al,EPI_ISL_416751
P0DTD1,ORF1a,D4395E,Luxembourg/LNS1612000/2020,Anke Wienecke-Baldacchino et al,EPI_ISL_419571
P0DTD1,ORF1a,V3865I,Luxembourg/LNS4691488/2020,Anke Wienecke-Baldacchino et al,EPI_ISL_419587
P0DTC9,N,R191C,Argentina/C3013/2020,Baumeister et al,EPI_ISL_420598
P0DTC2,S,I720V,France/Clermont-Ferrand_650/2020,Bal et al,EPI_ISL_416752
P0DTD1,ORF1a,T1731I,Luxembourg/LNS2848109/2020,Anke Wienecke-Baldacchino et al,EPI_ISL_417527
P0DTD1,ORF1b,V5240L,Australia/VIC283/2020,Caly et al,EPI_ISL_419974
P0DTC8,ORF8,V114F,Australia/VIC283/2020,Caly et al,EPI_ISL_419974
P0DTD1,ORF1a,S2631A,France/IDF2534/2020,Albert et al,EPI_ISL_418234
P0DTC2,S,S98F,Congo/402/2020,Placide Mbala-Kingebeni et al,EPI_ISL_420853
P0DTD1,ORF1b,V5820I,Senegal/139/2020,Dia et al,EPI_ISL_418217
P0DTC2,S,K77N,Belgium/ULG-8595/2020,Durkin et al,EPI_ISL_418634
P0DTC2,S,Q613H,Belgium/PJM-0325166/2020,Joan Marti-Carreras et al,EPI_ISL_420423
P0DTD1,ORF1b,H5005Y,Belgium/CK-0324150/2020,Joan Marti-Carreras et al,EPI_ISL_420407
P0DTD1,ORF1b,P4619L,Belgium/AGR-0324174/2020,Joan Marti-Carreras et al,EPI_ISL_420431
P0DTD1,ORF1a,Y4379*,Belgium/SC-0319113/2020,Joan Marti-Carreras et al,EPI_ISL_420370
P0DTD1,ORF1a,V2522F,Belgium/RHA-0324177/2020,Joan Marti-Carreras et al,EPI_ISL_420434
P0DTC9,N,A182V,France/ARA094100/2020,Bal et al,EPI_ISL_418412
P0DTD3,ORF14,P29S,France/ARA094100/2020,Bal et al,EPI_ISL_418412
P0DTC7,ORF7a,L9P,France/ARA12264/2020,Bal et al,EPI_ISL_419185
P0DTC2,S,S689I,France/ARA12265/2020,Bal et al,EPI_ISL_419186
P0DTD1,ORF1a,L3606F,Luxembourg/LNS0158952/2020,Anke Wienecke-Baldacchino et al,EPI_ISL_417534
P0DTD1,ORF1b,S5360P,France/ARA13095/2020,Bal et al,EPI_ISL_420623
P0DTD1,ORF1b,M5060I,Congo/KN-0054/2020,Placide Mbala-Kingebeni et al,EPI_ISL_417437
P0DTD1,ORF1a,M2796L,Congo/KN-0051/2020,Placide Mbala-Kingebeni et al,EPI_ISL_417436
P0DTC2,S,L54F,France/Bourg-en-Bresse_06678/2020,Bal et al,EPI_ISL_416757
P0DTD1,ORF1b,I5804V,France/ARA10172/2020,Bal et al,EPI_ISL_418421
P0DTC3,ORF3a,T223I,France/ARA10172/2020,Bal et al,EPI_ISL_418421
P0DTC2,S,D574Y,France/ARA10172/2020,Bal et al,EPI_ISL_418421
P0DTD1,ORF1b,T6131I,France/CVL2000/2020,Albert et al,EPI_ISL_418222
P0DTC3,ORF3a,P104H,Belgium/ULG-9739/2020,Durkin et al,EPI_ISL_418663
P0DTD1,ORF1b,D4837N,Congo/431/2020,Placide Mbala-Kingebeni et al,EPI_ISL_420847
P0DTD1,ORF1b,R4741G,France/ARA10188/2020,Bal et al,EPI_ISL_418423
P0DTC9,N,G238C,France/ARA12973/2020,Bal et al,EPI_ISL_420619
P0DTD1,ORF1a,E2089D,France/ARA12973/2020,Bal et al,EPI_ISL_420619
P0DTD1,ORF1a,N1262T,Belgium/RDC-030961/2020,Joan Marti-Carreras et al,EPI_ISL_420452
P0DTC9,N,V324A,Belgium/UNJP-0324125/2020,Joan Marti-Carreras et al,EPI_ISL_420382
P0DTD3,ORF14,E11G,Belgium/UNJP-0324125/2020,Joan Marti-Carreras et al,EPI_ISL_420382
P0DTD1,ORF1b,R6214C,Belgium/LPDC-0323115/2020,Joan Marti-Carreras et al,EPI_ISL_420372
P0DTD1,ORF1b,A4921V,Belgium/EBN-0323116/2020,Joan Marti-Carreras et al,EPI_ISL_420373
P0DTD1,ORF1b,K6236N,Belgium/ULG-10047/2020,Durkin et al,EPI_ISL_421214
P0DTD1,ORF1a,Y4379*,Belgium/EC-0325128/2020,Joan Marti-Carreras et al,EPI_ISL_420385
P0DTC2,S,M153T,Belgium/EC-0325128/2020,Joan Marti-Carreras et al,EPI_ISL_420385
P0DTD1,ORF1a,T1241I,Congo/376/2020,Placide Mbala-Kingebeni et al,EPI_ISL_420851
P0DTC9,N,G321R,Belgium/OS-0325137/2020,Joan Marti-Carreras et al,EPI_ISL_420394
P0DTC2,S,A845V,France/HF2496/2020,Albert et al,EPI_ISL_418231
P0DTC9,N,G34E,France/ARA13074/2020,Bal et al,EPI_ISL_420622
P0DTD2,ORF9b,G31R,France/ARA13074/2020,Bal et al,EPI_ISL_420622
P0DTC9,N,P6L,Belgium/RS-0324138/2020,Joan Marti-Carreras et al,EPI_ISL_420395
P0DTD2,ORF9b,P3S,Belgium/RS-0324138/2020,Joan Marti-Carreras et al,EPI_ISL_420395
P0DTC2,S,L821I,Congo/94/2020,Placide Mbala-Kingebeni et al,EPI_ISL_417947
P0DTD1,ORF1a,K3353R,France/IDF3165/2020,Albert et al,EPI_ISL_420059
P0DTD1,ORF1a,M2796L,Congo/KN-0058/2020,Placide Mbala-Kingebeni et al,EPI_ISL_417438
P0DTD1,ORF1a,C231Y,Nigeria/Lagos01/2020,Oluniyi et al,EPI_ISL_413550
P0DTD1,ORF1b,Q5386H,Canada/ON_PHL3458/2020,Eshaghi et al,EPI_ISL_418368
P0DTD1,ORF1a,S2488F,Belgium/ULG-10046/2020,Durkin et al,EPI_ISL_421213
P0DTC9,N,Q9H,Netherlands/ZuidHolland_28/2020,Nieuwenhuijse et al,EPI_ISL_415532
P0DTD2,ORF9b,S6I,Netherlands/ZuidHolland_28/2020,Nieuwenhuijse et al,EPI_ISL_415532
P0DTC2,S,Y1209H,Netherlands/ZuidHolland_28/2020,Nieuwenhuijse et al,EPI_ISL_415532
P0DTD1,ORF1a,L1249P,Belgium/ULG-10045/2020,Durkin et al,EPI_ISL_421212
P0DTC7,ORF7a,T120I,Scotland/CVR01/2020,Thomson et al,EPI_ISL_413221
P0DTD1,ORF1a,T4031I,Switzerland/TI2045/2020,Laubscher et al,EPI_ISL_415703
P0DTD1,ORF1b,V6212F,USA/GA_2742/2020,Tao et al,EPI_ISL_419557
P0DTD1,ORF1a,K1098R,Ireland/Dublin-22361/2020,Carr et al,EPI_ISL_418580
P0DTD1,ORF1b,D5217G,Ireland/Dublin-22361/2020,Carr et al,EPI_ISL_418580
P0DTD1,ORF1a,V2580D,Finland/13M77/2020,Smura et al,EPI_ISL_418397
P0DTD1,ORF1a,T403I,Portugal/PT0084/2020,Guiomar et al et al,EPI_ISL_421487
P0DTD1,ORF1a,P1158L,England/20126026202/2020,Galiano et al,EPI_ISL_418759
P0DTC2,S,R21I,Australia/QLDID926/2020,Huang et al,EPI_ISL_418804
P0DTD1,ORF1b,A4568T,Italy/TE4959/2020,Lorusso et al,EPI_ISL_418259
P0DTC3,ORF3a,E102K,Italy/TE4959/2020,Lorusso et al,EPI_ISL_418259
P0DTD1,ORF1b,R6410G,USA/MN68-MDH68/2020,Plumb et al,EPI_ISL_419396
P0DTC2,S,D867G,Iceland/99/2020,Gudbjartsson et al,EPI_ISL_417768
P0DTC5,M,V70F,USA/NY-NYUMC75/2020,Maria Aguero-Rosenfeld et al,EPI_ISL_420591
P0DTC6,ORF6,W27L,England/20129008002/2020,Galiano et al,EPI_ISL_420485
P0DTD1,ORF1a,E87D,Iceland/290/2020,Gudbjartsson et al,EPI_ISL_417619
P0DTC3,ORF3a,G49C,Portugal/PT0019/2020,Guiomar et al et al,EPI_ISL_418004
P0DTD8,ORF7b,A15S,Portugal/PT0019/2020,Guiomar et al et al,EPI_ISL_418004
P0DTD1,ORF1b,A6623V,Belgium/ULG-3843/2020,Keith et al,EPI_ISL_417012
P0DTD3,ORF14,E24G,Belgium/030959/2020,Joan Marti-Carreras et al,EPI_ISL_420320
P0DTD1,ORF1a,A2710V,Belgium/030959/2020,Joan Marti-Carreras et al,EPI_ISL_420320
P0DTC2,S,S1055L,Scotland/EDB007/2020,McHugh et al,EPI_ISL_415634
P0DTD1,ORF1a,T1761I,Norway/1867/2020,Kathrine Stene-Johansen et al,EPI_ISL_420141
P0DTD1,ORF1a,V2586G,Belgium/RC-0324168/2020,Joan Marti-Carreras et al,EPI_ISL_420425
P0DTC2,S,N30S,Belgium/RC-0324168/2020,Joan Marti-Carreras et al,EPI_ISL_420425
P0DTD1,ORF1b,F6058L,Portugal/PT0062/2020,Guiomar et al et al,EPI_ISL_421465
P0DTD1,ORF1a,I3944M,Portugal/PT0079/2020,Guiomar et al et al,EPI_ISL_421482
P0DTD1,ORF1a,L590F,Belgium/RGE-0325122/2020,Joan Marti-Carreras et al,EPI_ISL_420379
P0DTD1,ORF1a,D1036E,Belgium/RA-030664/2020,Joan Marti-Carreras et al,EPI_ISL_420441
P0DTC9,N,L139F,Belgium/KN-030756/2020,Joan Marti-Carreras et al,EPI_ISL_420450
P0DTD3,ORF14,S18A,Belgium/KN-030756/2020,Joan Marti-Carreras et al,EPI_ISL_420450
P0DTD1,ORF1b,T5036M,Belgium/KN-030756/2020,Joan Marti-Carreras et al,EPI_ISL_420450
P0DTD1,ORF1a,R99C,Norway/2093/2020,Kathrine Stene-Johansen et al,EPI_ISL_420310
P0DTD1,ORF1b,S5305L,Norway/2093/2020,Kathrine Stene-Johansen et al,EPI_ISL_420310
P0DTD1,ORF1a,P4261L,Australia/VIC52/2020,Caly et al,EPI_ISL_419768
P0DTC2,S,S255F,Australia/VIC-CBA3/2020,Chamings et al,EPI_ISL_420877
P0DTD1,ORF1a,S2273F,England/20124049402/2020,Galiano et al,EPI_ISL_418723
P0DTC8,ORF8,V62L,Canada/ON_PHL7590/2020,Eshaghi et al,EPI_ISL_418373
P0DTD3,ORF14,G22A,Belgium/JK-0305110/2020,Joan Marti-Carreras et al,EPI_ISL_420367
P0DTD1,ORF1a,E1238K,Belgium/JK-0305110/2020,Joan Marti-Carreras et al,EPI_ISL_420367
P0DTD1,ORF1a,T1874I,Belgium/TG-030757/2020,Joan Marti-Carreras et al,EPI_ISL_420318
P0DTD1,ORF1b,L4715P,Belgium/SB-030990/2020,Joan Marti-Carreras et al,EPI_ISL_420346
P0DTD1,ORF1a,G3334S,Brazil/SPBR-12/2020,Claudio Tavares Sacchi et al,EPI_ISL_416034
P0DTC5,M,T175M,Switzerland/SZ1417/2020,Laubscher et al,EPI_ISL_415702
P0DTD1,ORF1a,R232C,Switzerland/1000477757/2020,Schmutz et al,EPI_ISL_413021
P0DTD1,ORF1a,T614I,Netherlands/Diemen_1363454/2020,Nieuwenhuijse et al,EPI_ISL_413570
P0DTC2,S,D839E,Netherlands/Diemen_1363454/2020,Nieuwenhuijse et al,EPI_ISL_413570
P0DTD1,ORF1a,A2994V,Canada/ON_PHL2653/2020,Eshaghi et al,EPI_ISL_418371
P0DTC6,ORF6,I33T,Canada/ON_PHL2653/2020,Eshaghi et al,EPI_ISL_418371
P0DTD1,ORF1a,Q1201E,Belgium/MC-030689/2020,Joan Marti-Carreras et al,EPI_ISL_420345
P0DTD1,ORF1a,F2802L,Belgium/DD-030593/2020,Joan Marti-Carreras et al,EPI_ISL_420349
P0DTD1,ORF1b,D6421Y,Belgium/RR-030699/2020,Joan Marti-Carreras et al,EPI_ISL_420355
P0DTD1,ORF1a,A2199V,Switzerland/BE6651/2020,Laubscher et al,EPI_ISL_415456
P0DTC2,S,G769V,Congo/241/2020,Placide Mbala-Kingebeni et al,EPI_ISL_420033
P0DTD1,ORF1b,V4423A,Canada/ON_PHL8458/2020,Eshaghi et al,EPI_ISL_418372
P0DTC3,ORF3a,G172C,Canada/ON_PHL8458/2020,Eshaghi et al,EPI_ISL_418372
P0DTD1,ORF1a,P748S,Australia/VIC123/2020,Seemann et al,EPI_ISL_419731
P0DTC2,S,G614D,Australia/VIC123/2020,Seemann et al,EPI_ISL_419731
P0DTC9,N,T198I,Australia/VIC297/2020,Caly et al,EPI_ISL_419988
P0DTD3,ORF14,L45F,Australia/VIC297/2020,Caly et al,EPI_ISL_419988
P0DTD1,ORF1b,G6616E,England/20140048904/2020,Galiano et al,EPI_ISL_420763
P0DTD1,ORF1b,S6896L,Wales/PHWC-24965/2020,Moore et al,EPI_ISL_419462
P0DTD1,ORF1a,L960F,Netherlands/NoordHolland_2/2020,Nieuwenhuijse et al,EPI_ISL_414549
P0DTD1,ORF1a,A1156V,Australia/NSW27/2020,Sadsad et al,EPI_ISL_417390
P0DTD1,ORF1a,S1029G,Belgium/SEM-0324120/2020,Joan Marti-Carreras et al,EPI_ISL_420377
P0DTC8,ORF8,V62L,Belgium/SEM-0324120/2020,Joan Marti-Carreras et al,EPI_ISL_420377
P0DTD1,ORF1b,T6175I,England/20139056904/2020,Galiano et al,EPI_ISL_420716
P0DTC2,S,K202N,Switzerland/1000477797/2020,Schmutz et al,EPI_ISL_413023
P0DTD1,ORF1b,Q6279H,USA/MN69-MDH69/2020,Plumb et al,EPI_ISL_419397
P0DTD1,ORF1b,I6479T,England/20139058404/2020,Galiano et al,EPI_ISL_420725
P0DTD1,ORF1a,E937D,France/ARA10282/2020,Bal et al,EPI_ISL_418428
P0DTD1,ORF1b,A6360V,Belgium/ULG-10018/2020,Durkin et al,EPI_ISL_421196
P0DTD1,ORF1a,K1929T,USA/MN62-MDH62/2020,Plumb et al,EPI_ISL_419390
P0DTD1,ORF1a,H1113Y,England/SHEF-C0488/2020,Thushan de Silva et al,EPI_ISL_420201
P0DTC6,ORF6,N34S,Spain/VH198152683/2020,Andres et al,EPI_ISL_418861
P0DTC2,S,G476S,Belgium/HCM-0324151/2020,Joan Marti-Carreras et al,EPI_ISL_420408
P0DTC3,ORF3a,Q185H,Wales/PHWC-2559D/2020,Moore et al,EPI_ISL_421007
P0DTD1,ORF1a,L1182F,England/SHEF-C0215/2020,Thushan de Silva et al,EPI_ISL_420204
P0DTD1,ORF1a,L3606F,Russia/Moscow_PMVL-1/2020,Shchetinin et al,EPI_ISL_421275
P0DTC7,ORF7a,L5F,Russia/Moscow_PMVL-1/2020,Shchetinin et al,EPI_ISL_421275
P0DTD1,ORF1a,P1803S,Wales/PHWC-23BAC/2020,Moore et al,EPI_ISL_418096
P0DTC7,ORF7a,A13V,Wales/PHWC-23BAC/2020,Moore et al,EPI_ISL_418096
P0DTD1,ORF1a,V4073I,Congo/215/2020,Placide Mbala-Kingebeni et al,EPI_ISL_420031
P0DTD1,ORF1b,P5226S,Netherlands/Utrecht_14/2020,Nieuwenhuijse et al,EPI_ISL_414464
P0DTD1,ORF1a,T3716I,Belgium/VI-03027/2020,Joan Marti-Carerras et al,EPI_ISL_417427
P0DTD1,ORF1a,N2596D,Netherlands/Eindhoven_1363782/2020,Nieuwenhuijse et al,EPI_ISL_413571
P0DTD1,ORF1b,L5580F,Belgium/VS-030542/2020,Vanmechelen et al,EPI_ISL_418863
P0DTD1,ORF1b,R6001L,France/Valence_425/2020,Bal et al,EPI_ISL_416746
P0DTC2,S,V213L,France/Valence_425/2020,Bal et al,EPI_ISL_416746
P0DTD1,ORF1a,G295V,Finland/FIN-318/2020,Smura et al,EPI_ISL_414644
P0DTD1,ORF1a,K2928N,Netherlands/Limburg_5/2020,Nieuwenhuijse et al,EPI_ISL_414448
P0DTC2,S,V772L,Netherlands/ZuidHolland_2/2020,Nieuwenhuijse et al,EPI_ISL_414556
P0DTC4,E,L73F,Iceland/333/2020,Gudbjartsson et al,EPI_ISL_417662
P0DTC2,S,M1229I,Iceland/333/2020,Gudbjartsson et al,EPI_ISL_417662
P0DTD1,ORF1b,A5048V,Netherlands/Utrecht_1/2020,Nieuwenhuijse et al,EPI_ISL_414435
P0DTD1,ORF1a,V2586G,Belgium/VJP-030463/2020,Joan Marti-Carreras et al,EPI_ISL_420454
P0DTD1,ORF1a,G192S,England/20132074102/2020,Galiano et al,EPI_ISL_420510
P0DTD1,ORF1a,M2096R,Belgium/MTR-03026/2020,Vanmechelen et al,EPI_ISL_416476
P0DTD1,ORF1b,Y6345*,Belgium/MTR-03026/2020,Vanmechelen et al,EPI_ISL_416476
P0DTC2,S,S940T,Belgium/MTR-03026/2020,Vanmechelen et al,EPI_ISL_416476
P0DTC5,M,M175T,Belgium/BC-03016/2020,Vanmechelen et al,EPI_ISL_415157
P0DTD1,ORF1a,I1686K,Belgium/MTR-03021/2020,Vanmechelen et al,EPI_ISL_416467
P0DTD1,ORF1a,P748S,Netherlands/ZuidHolland_20/2020,Nieuwenhuijse et al,EPI_ISL_414562
P0DTD1,ORF1a,N3725D,Netherlands/ZuidHolland_18/2020,Nieuwenhuijse et al,EPI_ISL_414560
P0DTD1,ORF1a,V2586G,Belgium/DJ-030452/2020,Joan Marti-Carreras et al,EPI_ISL_420447
P0DTC9,N,T24N,Belgium/VF-030562/2020,Joan Marti-Carreras et al,EPI_ISL_420453
P0DTD2,ORF9b,L21M,Belgium/VF-030562/2020,Joan Marti-Carreras et al,EPI_ISL_420453
P0DTD1,ORF1a,N1458S,Italy/TE5512/2020,Lorusso et al,EPI_ISL_420566
P0DTD1,ORF1a,K1230N,Scotland/EDB006/2020,McHugh et al,EPI_ISL_415633
P0DTC3,ORF3a,D155Y,Netherlands/NA_25/2020,Nieuwenhuijse et al,EPI_ISL_415482
P0DTD1,ORF1a,A1997V,Netherlands/NA_19/2020,Nieuwenhuijse et al,EPI_ISL_415475
P0DTD1,ORF1a,G1125D,Wales/PHWC-24640/2020,Moore et al,EPI_ISL_419433
P0DTC2,S,V1176F,Brazil/SPBR-14/2020,Claudio Tavares Sacchi et al,EPI_ISL_416036
P0DTD1,ORF1a,A1043V,Chile/Santiago-2/2020,Castillo et al,EPI_ISL_414580
P0DTC9,N,G328V,England/20109099006/2020,Galiano et al,EPI_ISL_417297
P0DTD1,ORF1a,M920I,Japan/P4-8/2020,Sekizuka et al,EPI_ISL_419308
P0DTC3,ORF3a,L127I,Greece/12/2020,Bampali et al,EPI_ISL_418264
P0DTC2,S,L5F,Portugal/PT0080/2020,Guiomar et al et al,EPI_ISL_421483
P0DTD1,ORF1a,S100C,Belgium/ULG-10029/2020,Durkin et al,EPI_ISL_421203
P0DTC2,S,T307I,England/20139052002/2020,Galiano et al,EPI_ISL_420530
P0DTC3,ORF3a,L46F,USA/CT-Yale-047/2020,Fauver et al,EPI_ISL_419515
P0DTD1,ORF1b,A6355S,Portugal/PT0086/2020,Guiomar et al et al,EPI_ISL_421489
P0DTD1,ORF1a,T2124I,Portugal/PT0053/2020,Guiomar et al et al,EPI_ISL_421456
P0DTC9,N,R319H,Japan/P5-3/2020,Sekizuka et al,EPI_ISL_419311
P0DTC2,S,R765L,Taiwan/CGMH-CGU-12/2020,Tsao et al,EPI_ISL_417525
P0DTD1,ORF1b,Q6471H,Canada/MB_10/2020,Majer et al,EPI_ISL_418813
P0DTD1,ORF1a,S911F,Spain/Valencia45/2020,Inma Galan Vendrell et al,EPI_ISL_420129
P0DTC7,ORF7a,E41K,Belgium/ULG-10025/2020,Durkin et al,EPI_ISL_421199
P0DTC3,ORF3a,T175I,Portugal/PT0038/2020,Guiomar et al et al,EPI_ISL_418023
P0DTC2,S,V90F,Portugal/PT0071/2020,Guiomar et al et al,EPI_ISL_421474
P0DTD1,ORF1a,P380S,USA/UT-00287/2020,Young et al,EPI_ISL_420807
P0DTC3,ORF3a,A54S,USA/UT-00287/2020,Young et al,EPI_ISL_420807
P0DTD1,ORF1b,A5922V,Netherlands/NA_2/2020,Nieuwenhuijse et al,EPI_ISL_415476
P0DTD1,ORF1a,G728S,Belgium/ULG-6457/2020,Keith et al,EPI_ISL_417015
P0DTC2,S,S940F,France/IDF3029/2020,Albert et al,EPI_ISL_420052
P0DTD1,ORF1a,N1576T,Russia/StPetersburg-3524/2020,Komissarov et al,EPI_ISL_415710
P0DTC9,N,A12V,France/ARA10876/2020,Bal et al,EPI_ISL_418429
P0DTD1,ORF1b,K4451R,France/ARA10876/2020,Bal et al,EPI_ISL_418429
P0DTD2,ORF9b,H9Y,France/ARA10876/2020,Bal et al,EPI_ISL_418429
P0DTC9,N,P326L,France/ARA1307/2020,Bal et al,EPI_ISL_420621
P0DTD1,ORF1a,L969F,France/ARA1307/2020,Bal et al,EPI_ISL_420621
P0DTD1,ORF1a,R398C,Netherlands/NA_28/2020,Nieuwenhuijse et al,EPI_ISL_415485
P0DTD1,ORF1a,T753A,France/ARA12558/2020,Bal et al,EPI_ISL_420610
P0DTC2,S,L5F,France/ARA11939/2020,Bal et al,EPI_ISL_419169
P0DTC2,S,D1260N,France/ARA12759/2020,Bal et al,EPI_ISL_420615
P0DTC6,ORF6,D30Y,France/ARA10968/2020,Bal et al,EPI_ISL_418431
P0DTC6,ORF6,I32T,France/ARA12260/2020,Bal et al,EPI_ISL_419184
P0DTC3,ORF3a,G100C,France/ARA12222/2020,Bal et al,EPI_ISL_419179
P0DTD1,ORF1b,L5604H,France/IDF3170/2020,Albert et al,EPI_ISL_420060
P0DTD1,ORF1a,N3537D,Finland/13M33/2020,Smura et al,EPI_ISL_418390
P0DTD1,ORF1b,S6432I,Finland/13M33/2020,Smura et al,EPI_ISL_418390
P0DTD1,ORF1b,P6657L,France/HF2174/2020,Albert et al,EPI_ISL_415654
P0DTC2,S,S939F,France/GE1977/2020,Albert et al,EPI_ISL_414632
P0DTD1,ORF1a,A2320V,France/GE2843/2020,Albert et al,EPI_ISL_420045
P0DTD1,ORF1b,D5528Y,France/GE2843/2020,Albert et al,EPI_ISL_420045
P0DTD1,ORF1b,H6073Y,USA/WI-84/2020,Moreno et al,EPI_ISL_421343
P0DTC3,ORF3a,A99T,USA/WI-84/2020,Moreno et al,EPI_ISL_421343
P0DTD1,ORF1a,E1891A,Canada/ON_PHL0539/2020,Eshaghi et al,EPI_ISL_418353
P0DTD1,ORF1a,P2134L,France/HF2155/2020,Albert et al,EPI_ISL_418225
P0DTC4,E,R69I,Senegal/382/2020,Dia et al,EPI_ISL_420073
P0DTC2,S,E156D,Senegal/382/2020,Dia et al,EPI_ISL_420073
P0DTD8,ORF7b,C41F,Taiwan/170/2020,Yang et al,EPI_ISL_420084
P0DTC7,ORF7a,C67F,France/HF2948/2020,Albert et al,EPI_ISL_420050
P0DTC2,S,M177I,Iceland/319/2020,Gudbjartsson et al,EPI_ISL_417648
P0DTD1,ORF1a,V2943I,Australia/VIC99/2020,Caly et al,EPI_ISL_419811
P0DTD1,ORF1a,A3454V,USA/VA-DCLS-0016/2020,Division of Consolidated Laboratory Services et al,EPI_ISL_419710
P0DTD1,ORF1a,T609I,Australia/VIC234/2020,Caly et al,EPI_ISL_419929
P0DTC3,ORF3a,D173Y,France/ARA12125/2020,Bal et al,EPI_ISL_419177
P0DTD1,ORF1b,H5951Y,Congo/KN-0017/2020,Placide Mbala-Kingebeni et al,EPI_ISL_417433
P0DTD1,ORF1a,A968V,USA/NY-PV08435/2020,Ana Gonzalez-Reiche et al,EPI_ISL_421390
P0DTD1,ORF1a,R24C,France/HF2393/2020,Albert et al,EPI_ISL_418227
P0DTD1,ORF1a,D223N,USA/TX_2817/2020,Queen et al,EPI_ISL_420797
P0DTD1,ORF1a,L2062F,Argentina/C1374/2020,Baumeister et al,EPI_ISL_420599
P0DTD1,ORF1a,A3958V,Canada/BC_6004567/2020,Harrigan et al,EPI_ISL_418836
P0DTC9,N,L395F,USA/MN25-MDH25/2020,Plumb et al,EPI_ISL_417192
P0DTD1,ORF1a,Y1734C,Canada/ON_PHLH6415/2020,Eshaghi et al,EPI_ISL_418357
P0DTD1,ORF1a,T2166I,Canada/BC_5979789/2020,Harrigan et al,EPI_ISL_418835
P0DTD1,ORF1a,K564N,Belgium/ULG-9620/2020,Durkin et al,EPI_ISL_418650
P0DTC3,ORF3a,T217I,Belgium/ULG-10012/2020,Durkin et al,EPI_ISL_421190
P0DTD1,ORF1b,P5222S,Belgium/ULG-10026/2020,Durkin et al,EPI_ISL_421200
P0DTD1,ORF1a,S1978F,England/20139042904/2020,Galiano et al,EPI_ISL_420677
P0DTD1,ORF1a,K672N,USA/NY-NYUMC50/2020,Maria Aguero-Rosenfeld et al,EPI_ISL_420301
P0DTD1,ORF1b,P6065S,USA/NY-NYUMC50/2020,Maria Aguero-Rosenfeld et al,EPI_ISL_420301
P0DTD1,ORF1b,P5828S,USA/NY-NYUMC43/2020,Maria Aguero-Rosenfeld et al,EPI_ISL_419704
P0DTC2,S,P631S,USA/NY-NYUMC43/2020,Maria Aguero-Rosenfeld et al,EPI_ISL_419704
P0DTD1,ORF1b,S5792L,USA/UT-00033/2020,Young et al,EPI_ISL_417976
P0DTC2,S,W258L,USA/UT-00033/2020,Young et al,EPI_ISL_417976
P0DTD1,ORF1a,H374Y,Georgia/Tb-673/2020,Murtskhvaladze et al,EPI_ISL_416478
P0DTD1,ORF1a,K634E,USA/NY-PV08463/2020,Ana Gonzalez-Reiche et al,EPI_ISL_421409
P0DTD1,ORF1a,T1788M,USA/NY-NYUMC38/2020,Maria Aguero-Rosenfeld et al,EPI_ISL_419699
P0DTD1,ORF1b,T4794I,France/HF2405/2020,Albert et al,EPI_ISL_418228
P0DTC7,ORF7a,T14I,France/HF2405/2020,Albert et al,EPI_ISL_418228
P0DTD1,ORF1a,S538P,England/20139051704/2020,Galiano et al,EPI_ISL_420702
P0DTD1,ORF1b,M4516I,England/20139051704/2020,Galiano et al,EPI_ISL_420702
P0DTC2,S,G339D,Norway/1781/2020,Kathrine Stene-Johansen et al,EPI_ISL_420138
P0DTD1,ORF1b,A4977V,USA/NY-Yale-022/2020,Fauver et al,EPI_ISL_420090
P0DTC3,ORF3a,L95F,USA/NY-Yale-022/2020,Fauver et al,EPI_ISL_420090
P0DTD1,ORF1a,P1640S,USA/WI-GMF-00018/2020,Craig Richmond & Paraic Kenny et al,EPI_ISL_418184
P0DTD1,ORF1b,P7013L,USA/WI-GMF-00018/2020,Craig Richmond & Paraic Kenny et al,EPI_ISL_418184
P0DTD1,ORF1b,T6140A,France/HF2234/2020,Albert et al,EPI_ISL_416495
P0DTD1,ORF1a,I652V,England/20140048704/2020,Galiano et al,EPI_ISL_420761
P0DTD1,ORF1b,A5692V,England/20140048704/2020,Galiano et al,EPI_ISL_420761
P0DTD1,ORF1a,D2037E,USA/CT-Yale-014/2020,Fauver et al,EPI_ISL_419518
P0DTC3,ORF3a,A54V,France/ARA1322/2020,Bal et al,EPI_ISL_420625
P0DTC9,N,D82E,France/HF3036/2020,Albert et al,EPI_ISL_420053
P0DTC8,ORF8,A65G,France/HF3036/2020,Albert et al,EPI_ISL_420053
P0DTD2,ORF9b,T79N,France/HF3036/2020,Albert et al,EPI_ISL_420053
P0DTD1,ORF1b,T4533I,France/HF1813/2020,Albert et al,EPI_ISL_418221
P0DTC9,N,A308S,Iceland/30/2020,Gudbjartsson et al,EPI_ISL_417773
P0DTD1,ORF1b,K4483R,Portugal/PT0037/2020,Guiomar et al et al,EPI_ISL_418022
P0DTD1,ORF1a,L681F,France/Lyon_508/2020,Bal et al,EPI_ISL_416748
P0DTD1,ORF1b,V6624I,France/Lyon_508/2020,Bal et al,EPI_ISL_416748
P0DTC9,N,G34W,Canada/ON_PHL3692/2020,Eshaghi et al,EPI_ISL_418360
P0DTC9,N,A381V,Russia/StPetersburg-RII3997/2020,Komissarov et al,EPI_ISL_420081
P0DTC2,S,D138H,Russia/StPetersburg-RII3997/2020,Komissarov et al,EPI_ISL_420081
P0DTD1,ORF1a,T346I,Denmark/SSI-104/2020,Rasmussen et al,EPI_ISL_415648
P0DTD1,ORF1b,T6131I,Denmark/SSI-104/2020,Rasmussen et al,EPI_ISL_415648
P0DTD1,ORF1a,P971S,France/Bourg-en-Bresse_06813/2020,Bal et al,EPI_ISL_417340
P0DTD1,ORF1a,S2242F,Australia/VIC227/2020,Caly et al,EPI_ISL_419922
P0DTD1,ORF1a,A537T,Iceland/45/2020,Gudbjartsson et al,EPI_ISL_417715
P0DTD1,ORF1a,G1100V,Australia/VIC291/2020,Caly et al,EPI_ISL_419982
P0DTD1,ORF1b,H5320Y,Australia/VIC291/2020,Caly et al,EPI_ISL_419982
P0DTC9,N,T135I,USA/WI-30/2020,Moreno et al,EPI_ISL_421288
P0DTD3,ORF14,L66S,USA/WI-30/2020,Moreno et al,EPI_ISL_421288
P0DTD1,ORF1b,D6830Y,USA/WI-30/2020,Moreno et al,EPI_ISL_421288
P0DTC9,N,L291Q,Finland/14M3/2020,Smura et al,EPI_ISL_418407
P0DTD1,ORF1a,V2580D,Finland/14M3/2020,Smura et al,EPI_ISL_418407
P0DTD1,ORF1b,R6709C,Finland/14M3/2020,Smura et al,EPI_ISL_418407
P0DTD1,ORF1a,G4201R,France/B2330/2020,Albert et al,EPI_ISL_416502
P0DTD1,ORF1a,L3338F,USA/NY-PV08496/2020,Ana Gonzalez-Reiche et al,EPI_ISL_421432
P0DTD1,ORF1a,L4182F,USA/WI-13/2020,Moreno et al,EPI_ISL_417516
P0DTC2,S,Q321L,USA/WI-13/2020,Moreno et al,EPI_ISL_417516
P0DTD1,ORF1a,T814I,Australia/VIC260/2020,Caly et al,EPI_ISL_419953
P0DTD2,ORF9b,A82V,Australia/VIC260/2020,Caly et al,EPI_ISL_419953
P0DTD1,ORF1a,M2796V,France/HF1986/2020,Albert et al,EPI_ISL_414634
P0DTC2,S,P1162A,France/HF1986/2020,Albert et al,EPI_ISL_414634
P0DTD1,ORF1a,A967V,USA/UT-00034/2020,Young et al,EPI_ISL_417977
P0DTC9,N,F171C,Belgium/BM-030687/2020,Joan Marti-Carreras et al,EPI_ISL_420343
P0DTD3,ORF14,S18A,Belgium/BM-030687/2020,Joan Marti-Carreras et al,EPI_ISL_420343
P0DTD1,ORF1a,N1262T,Belgium/BM-030687/2020,Joan Marti-Carreras et al,EPI_ISL_420343
P0DTC2,S,P621S,Australia/VIC220/2020,Caly et al,EPI_ISL_419915
P0DTC4,E,L73F,Algeria/G0638_2264/2020,Albert et al,EPI_ISL_418241
P0DTD1,ORF1b,H5951Y,Algeria/G0638_2264/2020,Albert et al,EPI_ISL_418241
P0DTC3,ORF3a,L129F,Algeria/G0638_2264/2020,Albert et al,EPI_ISL_418241
P0DTD1,ORF1a,S428G,France/B2344/2020,Albert et al,EPI_ISL_416509
P0DTD1,ORF1b,P6222S,France/B2351/2020,Albert et al,EPI_ISL_416513
P0DTD1,ORF1a,P3200S,Canada/ON_PHL6980/2020,Eshaghi et al,EPI_ISL_418356
P0DTD1,ORF1b,A5692V,Canada/ON_PHL6980/2020,Eshaghi et al,EPI_ISL_418356
P0DTC2,S,I472V,Canada/ON_PHL6980/2020,Eshaghi et al,EPI_ISL_418356
P0DTD1,ORF1b,M5983K,Canada/ON_PHL4232/2020,Eshaghi et al,EPI_ISL_418374
P0DTC2,S,N679Y,Canada/ON_PHL4232/2020,Eshaghi et al,EPI_ISL_418374
P0DTC2,S,L5F,Belgium/DBOM-030566/2020,Joan Marti-Carreras et al,EPI_ISL_420322
P0DTC2,S,A653V,France/HF2039/2020,Albert et al,EPI_ISL_415649
P0DTC7,ORF7a,E33*,France/HF2237/2020,Albert et al,EPI_ISL_416496
P0DTD1,ORF1a,I265T,Senegal/610/2020,Dia et al,EPI_ISL_420075
P0DTD1,ORF1b,Q6736H,Senegal/610/2020,Dia et al,EPI_ISL_420075
P0DTD1,ORF1a,L3606F,Senegal/640/2020,Dia et al,EPI_ISL_420079
P0DTC2,S,V1176F,USA/NY-NYUMC42/2020,Maria Aguero-Rosenfeld et al,EPI_ISL_419703
P0DTD1,ORF1a,P2046L,USA/NY-NYUMC60/2020,Maria Aguero-Rosenfeld et al,EPI_ISL_420575
P0DTD1,ORF1a,E217K,France/HF3141/2020,Albert et al,EPI_ISL_420057
P0DTD1,ORF1b,A6986T,France/HF3141/2020,Albert et al,EPI_ISL_420057
P0DTC2,S,A924S,France/HF3141/2020,Albert et al,EPI_ISL_420057
P0DTD1,ORF1b,G5530C,France/IDF3040/2020,Albert et al,EPI_ISL_420054
P0DTC2,S,R214L,USA/WI-42/2020,Moreno et al,EPI_ISL_421300
P0DTD1,ORF1b,M5021I,Portugal/PT0055/2020,Guiomar et al et al,EPI_ISL_421458
P0DTC8,ORF8,H17Y,Portugal/PT0055/2020,Guiomar et al et al,EPI_ISL_421458
P0DTD1,ORF1a,T1822I,Algeria/G0860_2262/2020,Albert et al,EPI_ISL_420037
P0DTD1,ORF1a,A735V,France/HF2595/2020,Albert et al,EPI_ISL_418237
P0DTD1,ORF1a,P3371S,Wales/PHWC-25560/2020,Moore et al,EPI_ISL_421005
P0DTD1,ORF1b,V6107L,Wales/PHWC-25560/2020,Moore et al,EPI_ISL_421005
P0DTC2,S,K1191N,Belgium/ULG-10016/2020,Durkin et al,EPI_ISL_421194
P0DTD1,ORF1a,P6S,USA/ID-UW283/2020,Roychoudhury et al,EPI_ISL_418068
P0DTD1,ORF1b,H4474Q,USA/ID-UW283/2020,Roychoudhury et al,EPI_ISL_418068
P0DTC2,S,S12F,USA/ID-UW283/2020,Roychoudhury et al,EPI_ISL_418068
P0DTD1,ORF1a,S3949N,USA/ID-UW296/2020,Roychoudhury et al,EPI_ISL_418081
P0DTC8,ORF8,S69L,USA/ID-UW264/2020,Roychoudhury et al,EPI_ISL_418049
P0DTD1,ORF1a,P309L,USA/ID-UW257/2020,Roychoudhury et al,EPI_ISL_418042
P0DTC2,S,L54F,USA/ID-UW257/2020,Roychoudhury et al,EPI_ISL_418042
P0DTD1,ORF1a,A1473V,USA/WA-UW335/2020,Roychoudhury et al,EPI_ISL_418902
P0DTD1,ORF1b,P6368S,USA/UT-00290/2020,Young et al,EPI_ISL_420810
P0DTC3,ORF3a,H78Y,USA/WI-54/2020,Moreno et al,EPI_ISL_421312
P0DTD1,ORF1b,Q6696H,USA/UT-00350/2020,Young et al,EPI_ISL_420823
P0DTC5,M,C64F,USA/UT-00349/2020,Young et al,EPI_ISL_420822
P0DTC2,S,N450K,USA/CA-CDPH-UC27/2020,Deng et al,EPI_ISL_417331
P0DTD1,ORF1b,D6421N,NanChang/JX216/2020,Li jian Xiong et al,EPI_ISL_417420
P0DTC3,ORF3a,H57Q,NanChang/JX216/2020,Li jian Xiong et al,EPI_ISL_417420
P0DTC2,S,G614D,NanChang/JX216/2020,Li jian Xiong et al,EPI_ISL_417420
P0DTD1,ORF1b,S5424G,USA/NY-NYUMC49/2020,Maria Aguero-Rosenfeld et al,EPI_ISL_420300
P0DTD1,ORF1a,A2001V,USA/NY-NYUMC59/2020,Maria Aguero-Rosenfeld et al,EPI_ISL_420574
P0DTC9,N,P67S,USA/NY-PV08500/2020,Ana Gonzalez-Reiche et al,EPI_ISL_421434
P0DTD1,ORF1a,I1257T,USA/NY-PV08438/2020,Ana Gonzalez-Reiche et al,EPI_ISL_421392
P0DTD1,ORF1a,T609I,USA/NY-PV08140/2020,Ana Gonzalez-Reiche et al,EPI_ISL_421362
P0DTD1,ORF1a,E2020G,USA/NY-PV08412/2020,Ana Gonzalez-Reiche et al,EPI_ISL_421375
P0DTD1,ORF1a,A3963V,USA/NY-PV08446/2020,Ana Gonzalez-Reiche et al,EPI_ISL_421397
P0DTD1,ORF1b,D4546Y,USA/NY-NYUMC39/2020,Maria Aguero-Rosenfeld et al,EPI_ISL_419700
P0DTD1,ORF1a,A1283V,USA/NY-NYUMC46/2020,Maria Aguero-Rosenfeld et al,EPI_ISL_420297
P0DTC9,N,D377Y,USA/NY-NYUMC52/2020,Maria Aguero-Rosenfeld et al,EPI_ISL_420307
P0DTC7,ORF7a,E41*,France/IDF2936/2020,Albert et al,EPI_ISL_420048
P0DTC2,S,L8W,France/IDF2936/2020,Albert et al,EPI_ISL_420048
P0DTD2,ORF9b,I5T,Senegal/026/2020,Dia et al,EPI_ISL_418209
P0DTC9,N,R185C,France/IDF3218/2020,Albert et al,EPI_ISL_420062
P0DTC3,ORF3a,H57Q,Belgium/BCM-0324160/2020,Joan Marti-Carreras et al,EPI_ISL_420417
P0DTD1,ORF1a,Y4379*,Belgium/BGM-030444/2020,Joan Marti-Carreras et al,EPI_ISL_420442
P0DTD1,ORF1b,D6830N,Belgium/ULG-3162/2020,Keith et al,EPI_ISL_417005
P0DTD8,ORF7b,F30S,Belgium/ULG-8578/2020,Durkin et al,EPI_ISL_418638
P0DTD1,ORF1b,L6334F,Belgium/ULG-10004/2020,Durkin et al,EPI_ISL_421184
P0DTC2,S,E516Q,Belgium/ULG-9641/2020,Durkin et al,EPI_ISL_418652
P0DTC3,ORF3a,W131C,USA/WI-GMF-00232/2020,Craig Richmond & Paraic Kenny et al,EPI_ISL_418188
P0DTD2,ORF9b,A29V,USA/WI-GMF-00232/2020,Craig Richmond & Paraic Kenny et al,EPI_ISL_418188
P0DTD1,ORF1a,V1866I,Germany/NRW-25/2020,Adams et al,EPI_ISL_419542
P0DTC7,ORF7a,H47Y,Iceland/91/2020,Gudbjartsson et al,EPI_ISL_417873
P0DTD1,ORF1a,K3929N,Australia/VIC142/2020,Caly et al,EPI_ISL_419839
P0DTD1,ORF1a,L107F,USA/CT-Yale-029/2020,Fauver et al,EPI_ISL_419522
P0DTD1,ORF1a,A1283V,France/HF2586/2020,Albert et al,EPI_ISL_418236
P0DTC3,ORF3a,G44V,USA/WA-UW389/2020,Roychoudhury et al,EPI_ISL_418954
P0DTC8,ORF8,Q72H,France/ARA12630/2020,Bal et al,EPI_ISL_420613
P0DTC2,S,T95I,USA/CT-Yale-031/2020,Fauver et al,EPI_ISL_420096
P0DTC9,N,T325I,Australia/VIC175/2020,Caly et al,EPI_ISL_419872
P0DTD1,ORF1a,A917T,Australia/VIC245/2020,Caly et al,EPI_ISL_419940
P0DTD1,ORF1b,T4640I,Australia/VIC263/2020,Caly et al,EPI_ISL_419956
P0DTD1,ORF1a,G519S,USA/NY-PV08109/2020,Ana Gonzalez-Reiche et al,EPI_ISL_421348
P0DTC2,S,A626V,Australia/VIC248/2020,Caly et al,EPI_ISL_419943
P0DTC2,S,G1219C,Canada/ON_PHL1095/2020,Eshaghi et al,EPI_ISL_418361
P0DTC2,S,C1247F,USA/WA-UW117/2020,Roychoudhury et al,EPI_ISL_416655
P0DTC6,ORF6,I33T,Luxembourg/LNS7753431/2020,Anke Wienecke-Baldacchino et al,EPI_ISL_419595
P0DTC7,ORF7a,I10V,USA/VA-DCLS-0040/2020,Division of Consolidated Laboratories et al,EPI_ISL_420022
P0DTC7,ORF7a,F54L,USA/VA-DCLS-0033/2020,Division of Consolidated Laboratories et al,EPI_ISL_420019
P0DTD2,ORF9b,R47H,France/ARA12632/2020,Bal et al,EPI_ISL_420614
P0DTD1,ORF1b,A5922V,France/ARA12270/2020,Bal et al,EPI_ISL_419188
P0DTD1,ORF1a,N1062S,USA/NY-NYUMC63/2020,Maria Aguero-Rosenfeld et al,EPI_ISL_420578
P0DTD1,ORF1a,K4176N,USA/NY-NYUMC73/2020,Maria Aguero-Rosenfeld et al,EPI_ISL_420589
P0DTD1,ORF1a,P3395L,USA/NY-NYUMC64/2020,Maria Aguero-Rosenfeld et al,EPI_ISL_420579
P0DTC5,M,D3Y,USA/CT-Yale-027/2020,Fauver et al,EPI_ISL_420095
P0DTD1,ORF1b,D6057N,USA/CZB-RR057-015/2020,Arevalo et al,EPI_ISL_417939
P0DTC9,N,S188L,USA/NY-PV08478/2020,Ana Gonzalez-Reiche et al,EPI_ISL_421420
P0DTD3,ORF14,H35Y,USA/NY-PV08478/2020,Ana Gonzalez-Reiche et al,EPI_ISL_421420
P0DTD1,ORF1a,H3580Y,USA/NY-PV09000/2020,Ana Gonzalez-Reiche et al,EPI_ISL_421435
P0DTD3,ORF14,T39I,USA/NY-PV08468/2020,Ana Gonzalez-Reiche et al,EPI_ISL_421412
P0DTC4,E,V52I,Australia/VIC308/2020,Seemann et al,EPI_ISL_419999
P0DTD1,ORF1b,E5314D,Australia/VIC308/2020,Seemann et al,EPI_ISL_419999
P0DTC5,M,S214I,Australia/VIC167/2020,Caly et al,EPI_ISL_419864
P0DTC2,S,S221L,Australia/VIC167/2020,Caly et al,EPI_ISL_419864
P0DTC9,N,G18S,France/ARA11997/2020,Bal et al,EPI_ISL_419176
P0DTD1,ORF1b,L4715P,USA/NY-NYUMC22/2020,Maria Aguero-Rosenfeld et al,EPI_ISL_418968
P0DTC2,S,V308L,Luxembourg/LNS3879580/2020,Anke Wienecke-Baldacchino et al,EPI_ISL_419585
P0DTD1,ORF1b,D4553Y,Finland/13M83/2020,Smura et al,EPI_ISL_418400
P0DTC3,ORF3a,F8L,Netherlands/NA_30/2020,Nieuwenhuijse et al,EPI_ISL_415487
P0DTD1,ORF1a,T4207I,Finland/13M69/2020,Smura et al,EPI_ISL_418396
